,date,name,open,high,low,close,volume,marketCap,daily_weighted_sentiment,comment_volume,BTC_trends,gold_spot,gspc_spot,ndx_spot
364,2024-07-16,2781,64784.4188428292,65354.3382001038,62487.9671099288,65097.1468308443,41617346767.84,1284144530410.43,-0.0923461670271916,59.0,36.0,2462.399902,5667.200195,20398.61914
363,2024-07-17,2781,65091.8307087293,66066.7330274247,63896.0871928785,64118.7926694255,32525071310.74,1264876808968.35,0.0320445862534927,29.0,36.0,2454.800049,5588.27002,19799.14063
362,2024-07-18,2781,64104.7376791449,65104.6614189984,63246.1644386903,63974.0666841082,27239305336.94,1262047185003.48,-0.0009317072518331,24.0,36.0,2451.800049,5544.589844,19705.08984
361,2024-07-19,2781,63972.3254992254,67442.6381157797,63329.3420254858,66710.1543130458,37003855409.78,1316050877556.13,0.0332521687910688,30.0,36.0,2395.5,5505.0,19522.61914
360,2024-07-20,2781,66709.9256150293,67610.7343734082,66299.6183732209,67163.6449237129,19029581249.82,1325061487221.58,0.0,2.0,36.0,2395.5,5505.0,19522.61914
359,2024-07-21,2781,67164.9119218204,68372.9051655897,65842.298799547,68154.522905866,26652190003.57,1344591292880.38,0.0,2.0,37.0,2395.5,5505.0,19522.61914
358,2024-07-22,2781,68152.9761329417,68480.0627910864,66611.2998683859,67585.2499720905,42649109453.15,1333416492641.59,-0.3302374547574578,15.0,37.0,2392.0,5564.410156,19822.86914
357,2024-07-23,2781,67584.8043545273,67779.0175541407,65484.4620810299,65927.6723614031,35605668665.85,1300762573330.26,0.0,18.0,37.0,2404.600098,5555.740234,19754.33984
356,2024-07-24,2781,65927.8580751662,67113.9843132699,65146.9949755547,65372.1332336736,27470942308.81,1289901286822.95,0.0,18.0,37.0,2413.300049,5427.129883,19032.39063
355,2024-07-25,2781,65375.8734846053,66112.4200353199,63473.4732846473,65777.2239400202,38315761669.6,1297746222202.46,-0.0028021816231238,16.0,37.0,2351.899902,5399.220215,18830.58008
354,2024-07-26,2781,65771.8104166052,68207.6000267291,65743.7694349242,67912.06309622,30488630457.22,1340006377389.0,-0.0028021816231238,16.0,37.0,2380.0,5459.100098,19023.66016
353,2024-07-27,2781,67911.8142625278,69398.5113084796,66705.2195764852,67813.3394163313,34691905492.17,1338003104418.14,0.0,8.0,37.0,2380.0,5459.100098,19023.66016
352,2024-07-28,2781,67808.655588481,68301.8541099212,67085.8281866684,68255.8657690205,18043166944.55,1346858598263.74,0.004174914912901,22.0,34.0,2380.0,5459.100098,19023.66016
351,2024-07-29,2781,68259.0549329203,69987.5422080099,66532.5931101119,66819.9161863636,40780682628.04,1318540566549.27,0.033665239738255,44.0,34.0,2377.300049,5463.540039,19059.49023
350,2024-07-30,2781,66819.0526575841,66987.6723080417,65323.1919785809,66201.0162264011,31380492109.35,1306384437839.03,-0.0452737522661016,36.0,34.0,2405.0,5436.439941,18796.26953
349,2024-07-31,2781,66201.2710774696,66810.2126924941,64532.0462977066,64619.2496492185,31292785993.69,1275323104043.98,-0.0747366091784308,13.0,34.0,2426.5,5522.299805,19362.42969
348,2024-08-01,2781,64625.8404447144,65593.244771184,62248.9399911026,65357.5015625505,40975554493.51,1289712080281.71,0.0008497148986876,36.0,34.0,2435.0,5446.680176,18890.39063
347,2024-08-02,2781,65353.4984738177,65523.2235707569,61184.8931977399,61415.0645726852,43060875727.45,1212008164272.18,-0.0756594691165657,9.0,34.0,2425.699951,5346.560059,18440.84961
346,2024-08-03,2781,61414.8084938627,62148.3717618854,59836.5273716364,60680.0946987796,31753030589.34,1197456370706.16,-0.3751998669624328,16.0,34.0,2425.699951,5346.560059,18440.84961
345,2024-08-04,2781,60676.0941770946,61062.9895543501,57210.8033286504,58116.9769610403,31758917219.16,1146844860380.54,-0.20434057861786,38.0,52.0,2425.699951,5346.560059,18440.84961
344,2024-08-05,2781,58110.2984557763,58268.8274088694,49121.2373775943,53991.4577965042,108991085584.42,1065580794793.2,-0.0686340145036286,7.0,52.0,2401.699951,5186.330078,17895.16016
343,2024-08-06,2781,53991.3475883934,57059.9186167572,53973.2722755542,56034.3165914605,49300484106.29,1106050307069.4,-0.0688672696842866,6.0,52.0,2389.100098,5240.029785,18077.91992
342,2024-08-07,2781,56040.6321232278,57726.8810517744,54620.5095211427,55027.4606917867,41637562184.67,1086125591738.96,0.0075918079158406,15.0,52.0,2390.5,5199.5,17867.36914
341,2024-08-08,2781,55030.0290256907,62673.7639765565,54766.7284231449,61710.1375644501,45298472566.63,1218352191431.14,-0.0287207056427262,28.0,52.0,2422.199951,5319.310059,18413.82031
340,2024-08-09,2781,61728.2089798276,61751.8644407637,59587.8597904934,60880.1122032153,33425553115.27,1201660191806.74,-0.7899269304777446,2.0,52.0,2432.100098,5344.160156,18513.09961
339,2024-08-10,2781,60881.2294781478,61464.5116528916,60287.5665321098,60945.8131361053,15745822278.31,1202940345184.08,-0.7899269304777446,2.0,52.0,2432.100098,5344.160156,18513.09961
338,2024-08-11,2781,60944.8925563279,61778.6603733988,58348.8233421261,58719.483169327,22759754812.06,1159042118919.04,-0.7899269304777446,2.0,33.0,2432.100098,5344.160156,18513.09961
337,2024-08-12,2781,58719.3952192515,60680.3308127436,57688.8977269543,59354.5137212797,37078637820.19,1171638477214.27,-0.5230650832863892,21.0,33.0,2462.399902,5344.390137,18542.0293
336,2024-08-13,2781,59356.2077843983,61572.3969722555,58506.2533734494,60609.5669845367,30327698167.09,1196435943982.72,-0.0302419724135563,9.0,33.0,2466.699951,5434.430176,19006.42969
335,2024-08-14,2781,60611.0500484466,61687.756592205,58472.8741300951,58737.2706270019,29961696179.78,1159393319243.89,0.0,4.0,33.0,2439.399902,5455.209961,19022.67969
334,2024-08-15,2781,58733.2629876225,59838.6486731405,56161.5928697264,57560.0976318307,35682112440.15,1136267308779.81,-0.0091090476371367,24.0,33.0,2453.100098,5543.220215,19490.15039
333,2024-08-16,2781,57560.2733013763,59847.3583466111,57110.0193186318,58894.1041602173,29350938673.14,1162612186428.42,-0.187543511390686,4.0,33.0,2498.600098,5554.25,19508.51953
332,2024-08-17,2781,58893.530843348,59694.6689280267,58814.8313263298,59478.9710471953,13589684021.38,1173983398000.89,-0.0069807591178851,10.0,33.0,2498.600098,5554.25,19508.51953
331,2024-08-18,2781,59468.1314945541,60262.7170016644,58445.4017198721,58483.9649819015,17740625837.21,1154518920582.08,-0.0284751627756201,15.0,32.0,2498.600098,5554.25,19508.51953
330,2024-08-19,2781,58480.7127277463,59612.6612546717,57864.7095096926,59493.4524821881,25911207712.1,1174536992004.58,0.0,3.0,32.0,2501.800049,5608.25,19766.49023
329,2024-08-20,2781,59493.4519675227,61396.3281000012,58610.8833682436,59012.7911526577,31613400007.92,1165118855138.42,0.0,3.0,32.0,2511.300049,5597.120117,19719.82031
328,2024-08-21,2781,59014.9876262709,61834.3507771778,58823.4436141467,61175.192009918,32731154072.02,1207652524160.56,0.0,3.0,32.0,2508.399902,5620.850098,19824.83984
327,2024-08-22,2781,61168.315762736,61408.1075728165,59815.2549824794,60381.9124606776,27625734376.65,1192142090606.28,0.0,2.0,32.0,2478.899902,5570.640137,19491.83984
326,2024-08-23,2781,60380.9528602663,64947.0617611003,60372.0499574361,64094.3572066269,42530509233.24,1265681609173.33,-0.1288548297752564,35.0,32.0,2508.399902,5634.609863,19720.86914
325,2024-08-24,2781,64103.8695897208,64513.7904970015,63619.9172143709,64178.9906500623,21430585163.21,1267143884943.4,0.0,8.0,32.0,2508.399902,5634.609863,19720.86914
324,2024-08-25,2781,64176.3670669592,64996.4201037902,63833.5188951835,64333.5441834656,18827683555.12,1270273035259.48,0.0,8.0,30.0,2508.399902,5634.609863,19720.86914
323,2024-08-26,2781,64342.2254421225,64489.7063803201,62849.5598236226,62880.6586542698,27682040631.48,1241593608804.03,-0.3739242553710937,4.0,30.0,2517.699951,5616.839844,19516.43945
322,2024-08-27,2781,62879.7084021583,63207.5975871296,58116.751326202,59504.1326827134,39103882197.72,1175040861567.76,0.0,12.0,30.0,2516.0,5625.799805,19581.51953
321,2024-08-28,2781,59507.9246387341,60236.4480067382,57890.6769051017,59027.6265870301,40289564698.25,1165584605051.06,-0.3560398097562944,16.0,30.0,2501.0,5592.180176,19350.7793
320,2024-08-29,2781,59027.4683440286,61184.0806151523,58786.2269878956,59388.1808524122,32224990582.03,1172740960639.8,-0.5476887822151184,1.0,30.0,2525.699951,5591.959961,19325.44922
319,2024-08-30,2781,59388.6018804972,59896.8875637952,57768.5300577066,59119.4747770124,32292756404.79,1167450891056.22,-0.5476887822151184,1.0,30.0,2493.800049,5648.399902,19574.64063
318,2024-08-31,2781,59117.4795058185,59432.5919476527,58768.7839637053,58969.8983660431,12403470760.22,1164522862133.13,-0.0995203851565827,20.0,30.0,2493.800049,5648.399902,19574.64063
317,2024-09-01,2781,58969.7994536059,59062.0708116667,57217.8238628753,57325.4876891906,24592449996.84,1132107052433.14,0.0,5.0,31.0,2493.800049,5648.399902,19574.64063
316,2024-09-02,2781,57326.967287785,59403.0697934676,57136.0264168139,59112.4795055389,27036454524.41,1167274281774.19,-0.3043712178866068,3.0,31.0,2493.800049,5648.399902,19574.64063
315,2024-09-03,2781,59106.1912871102,59815.056946191,57425.1673117413,57431.0229886572,26666961052.67,1134203956918.77,0.0,1.0,31.0,2489.899902,5528.930176,18958.74023
314,2024-09-04,2781,57430.3485733917,58511.5693214577,55673.162833355,57971.5408166853,35627680311.93,1144922067905.65,-0.1984336078166961,2.0,31.0,2493.399902,5520.069824,18921.40039
313,2024-09-05,2781,57971.7033213181,58300.5810225774,55712.4540885557,56160.4872644568,31030280656.27,1109173176845.09,-0.0042406943959927,28.0,31.0,2511.399902,5503.410156,18930.33008
312,2024-09-06,2781,56160.189464975,56976.108907217,52598.6996623841,53948.7522426374,49361693566.14,1065529160549.42,0.0,4.0,31.0,2493.5,5408.419922,18421.31055
311,2024-09-07,2781,53949.0871537406,54838.1456716952,53740.0685364941,54139.6894492297,19061486526.14,1069483234366.22,0.2501073041418662,13.0,31.0,2493.5,5408.419922,18421.31055
310,2024-09-08,2781,54147.9325654123,55300.8596875448,53653.7592211144,54841.5663542288,18268287531.02,1083415774482.94,-0.1071250641887838,16.0,30.0,2493.5,5408.419922,18421.31055
309,2024-09-09,2781,54851.8873519906,58041.1248561564,54598.4337284331,57019.5347575706,34618096173.33,1126266856954.79,-0.0004821435675215,29.0,30.0,2501.800049,5471.049805,18660.7793
308,2024-09-10,2781,57020.0984145732,58029.9774360464,56419.4128526596,57648.7124094767,28857630506.88,1138738372572.7,0.0146084330849728,15.0,30.0,2512.300049,5495.52002,18829.14063
307,2024-09-11,2781,57650.2890706235,57991.3205126863,55567.3412852397,57343.1705364168,37049062671.53,1132692864304.88,0.0252677405898894,11.0,30.0,2512.100098,5554.129883,19237.30078
306,2024-09-12,2781,57343.1725885899,58534.3583794247,57330.1007544746,58127.010836944,33835707948.72,1148268024284.08,0.0341987641234146,7.0,30.0,2551.199951,5595.759766,19423.07031
305,2024-09-13,2781,58130.3224813667,60648.0242696995,57650.111670673,60571.2991585945,32490528355.5,1196466210707.58,-0.068791012524297,53.0,30.0,2581.300049,5626.02002,19514.58984
304,2024-09-14,2781,60569.1162343064,60656.7211280316,59517.8819333016,60005.1191557571,16428405496.29,1185265247315.9,-0.1020804624448516,43.0,30.0,2581.300049,5626.02002,19514.58984
303,2024-09-15,2781,60000.7283175086,60381.9166672998,58696.3094180022,59182.8353338828,18120960866.97,1169182849928.94,-0.0461736108575548,7.0,30.0,2581.300049,5626.02002,19514.58984
302,2024-09-16,2781,59185.22685956,59205.5103578251,57501.3391727673,58192.5068714421,32032822113.39,1149595000633.19,0.0,3.0,30.0,2580.399902,5633.089844,19423.06055
301,2024-09-17,2781,58192.5093438557,61316.0913839546,57628.0717661941,60308.5375947655,38075570117.66,1191434667557.74,0.0,3.0,30.0,2564.300049,5634.580078,19432.40039
300,2024-09-18,2781,60309.0018795135,61664.0673338615,59218.2524421004,61649.6787266514,40990702890.6,1217976155884.66,-0.4964593350887298,1.0,30.0,2570.699951,5618.259766,19344.49023
299,2024-09-19,2781,61651.1553381713,63872.4407220416,61609.8670214546,62940.456765714,42710252572.5,1243489914823.71,-0.1093508142691392,6.0,30.0,2588.0,5713.640137,19839.83008
298,2024-09-20,2781,62941.4275952191,64119.530359621,62364.6065332085,63192.975082876,35177164222.14,1248317992550.81,0.031314705312252,36.0,30.0,2619.899902,5702.549805,19791.49023
297,2024-09-21,2781,63184.3412676027,63543.3601232398,62783.1053795212,63394.838742556,14408616220.03,1252541488640.3,0.1089758106640407,10.0,30.0,2619.899902,5702.549805,19791.49023
296,2024-09-22,2781,63396.8035525073,63993.4231033969,62440.726268076,63648.7098902519,20183348802.13,1257434508161.25,0.2161192078339426,6.0,32.0,2619.899902,5702.549805,19791.49023
295,2024-09-23,2781,63643.1020803622,64733.5576683482,62628.0786641199,63329.802386615,31400285425.2,1251214895782.2,0.2998403956956952,27.0,32.0,2626.5,5718.569824,19852.19922
294,2024-09-24,2781,63326.8412511456,64695.2154668874,62737.4179011372,64301.9672659429,29938335243.03,1270523906052.13,0.208733311664522,32.0,32.0,2651.199951,5732.930176,19944.83984
293,2024-09-25,2781,64302.5912192468,64804.5031378147,62945.3765459511,63143.1459738721,25078377699.65,1247551422563.2,0.0,1.0,32.0,2659.199951,5722.259766,19972.60938
292,2024-09-26,2781,63138.5484837603,65790.7954495908,62669.2684494504,65181.0206972443,36873129847.33,1287929596336.16,0.56548169389063,19.0,32.0,2669.899902,5745.370117,20115.53906
291,2024-09-27,2781,65180.6651400747,66480.6947101072,64852.9910891431,65790.6616497344,32058813449.4,1300039501550.01,-0.2762421746003,30.0,32.0,2644.300049,5738.169922,20008.61914
290,2024-09-28,2781,65792.1819476094,66255.5318744588,65458.034501538,65887.6487821282,15243637983.9,1301977287120.42,-0.1000863375889313,49.0,32.0,2644.300049,5738.169922,20008.61914
289,2024-09-29,2781,65888.8952714385,66069.3458132303,65450.0143671644,65635.3081461486,14788214574.54,1296984728119.06,-0.063313786302294,23.0,29.0,2644.300049,5738.169922,20008.61914
288,2024-09-30,2781,65634.6601298628,65635.052877058,62873.615868433,63329.4981294766,37112957474.81,1251461875405.87,0.0,4.0,29.0,2636.100098,5762.47998,20060.68945
287,2024-10-01,2781,63335.603583719,64110.9819990323,60189.278696888,60837.009700736,50220923499.58,1202222321937.7,-0.0283352606224291,9.0,29.0,2667.300049,5708.75,19773.30078
286,2024-10-02,2781,60836.3246300866,62357.6867279553,59996.9473420048,60632.7862737945,40762722397.63,1198224649900.69,0.4219838785052712,22.0,29.0,2647.100098,5709.540039,19802.58984
285,2024-10-03,2781,60632.4862350431,61469.0371479302,59878.8034256844,60759.4013268768,36106447278.67,1200668382436.2,-0.2994435030008702,28.0,29.0,2657.100098,5699.939941,19793.33984
284,2024-10-04,2781,60754.6251257523,62465.9907584451,60459.9398173621,62067.4774474519,29585472513.07,1226647958541.08,-0.0241525636778937,15.0,29.0,2645.800049,5751.069824,20035.01953
283,2024-10-05,2781,62067.6104970553,62371.0236788776,61689.5811648998,62089.9484591443,13305410748.72,1227021845844.29,-0.0786140799522399,8.0,29.0,2645.800049,5751.069824,20035.01953
282,2024-10-06,2781,62084.9865006411,62959.5685406335,61833.1500428486,62818.9544761374,14776233666.91,1241559389621.88,-0.0010435743571182,16.0,28.0,2645.800049,5751.069824,20035.01953
281,2024-10-07,2781,62819.1093330048,64443.7064117964,62152.5517077403,62236.6593684009,34253562610.48,1229782194408.04,0.0,5.0,28.0,2644.800049,5695.939941,19800.74023
280,2024-10-08,2781,62221.6451487376,63174.3062001171,61843.5636611283,62131.9678544148,28134475156.91,1228037977784.51,0.0,5.0,28.0,2615.0,5751.129883,20107.7793
279,2024-10-09,2781,62131.7261033116,62508.8357368894,60314.6143862386,60582.1009695389,27670982363.46,1197429647366.86,-0.0347978913371286,22.0,28.0,2606.0,5792.040039,20268.85938
278,2024-10-10,2781,60581.9296868773,61236.7231707069,58895.2078078197,60274.4980637861,30452813570.16,1191400599851.04,-0.1799987669174488,15.0,28.0,2620.600098,5780.049805,20241.75977
277,2024-10-11,2781,60275.4608346571,63400.8698799473,60046.125828387,62445.0886070974,30327141594.18,1234303474603.03,0.0,12.0,28.0,2657.600098,5815.029785,20271.9707
276,2024-10-12,2781,62444.6174061501,63448.7832440021,62443.2713529987,63193.0230702875,16744110885.86,1249123856891.37,0.0,12.0,28.0,2657.600098,5815.029785,20271.9707
275,2024-10-13,2781,63192.9435754787,63272.6529630129,62035.6366902561,62851.3749169602,18177529689.88,1242341595990.99,0.0,1.0,29.0,2657.600098,5815.029785,20271.9707
274,2024-10-14,2781,62848.3994880925,66482.4943857198,62442.1539998429,66046.1280687548,43706958055.79,1305664072036.41,-0.301819037483801,32.0,29.0,2647.800049,5859.850098,20439.05078
273,2024-10-15,2781,66050.3687270292,67881.6795865567,64809.1969471504,67041.1071653338,48863870878.62,1325307318851.9,0.0698166891585948,5.0,29.0,2661.399902,5815.259766,20159.83008
272,2024-10-16,2781,67042.4618218177,68375.2929488011,66758.7255092654,67612.7207776042,38195189533.82,1336696892492.18,-0.3720542363657241,21.0,29.0,2674.0,5842.470215,20174.05078
271,2024-10-17,2781,67617.0795713375,67912.2076398065,66647.391211274,67399.8334924398,32790898510.76,1332816990035.49,0.0,2.0,29.0,2691.0,5841.470215,20190.41992
270,2024-10-18,2781,67419.1087252549,68969.7469240407,67177.818198958,68418.7890489052,36857165014.36,1352611490621.36,0.273361759704526,20.0,29.0,2713.699951,5864.669922,20324.03906
269,2024-10-19,2781,68418.9766619904,68668.0058104846,68024.6382348537,68362.7331098485,14443497907.64,1351535266982.96,0.0,18.0,29.0,2713.699951,5864.669922,20324.03906
268,2024-10-20,2781,68364.1784603044,69359.0070607416,68105.7205055133,69001.7066212849,18975847518.28,1364212669154.26,-0.146856531030361,31.0,28.0,2713.699951,5864.669922,20324.03906
267,2024-10-21,2781,69002.0001468977,69462.7367822244,66829.8534677336,67367.8525561409,37498611780.2,1331798086167.27,-0.4354057403711172,5.0,28.0,2723.100098,5853.97998,20361.4707
266,2024-10-22,2781,67360.7027255461,67801.5769977652,66581.3679788567,67361.4026645272,31808472565.82,1331842439476.36,-0.2938960864231711,13.0,28.0,2744.199951,5851.200195,20390.46094
265,2024-10-23,2781,67362.3744214737,67402.744623551,65188.0352924195,66432.1982471759,32263980353.23,1313495275869.46,0.0,3.0,28.0,2714.399902,5797.419922,20066.96094
264,2024-10-24,2781,66653.7041571813,68798.9619867211,66454.0995567515,68161.053337619,31414428647.2,1347797865139.47,0.0,3.0,28.0,2734.899902,5809.859863,20232.86914
263,2024-10-25,2781,68165.2973724389,68722.1594927425,65521.7934506881,66642.4107304263,41469984305.66,1317385748797.48,0.1459753952528301,12.0,28.0,2740.899902,5808.120117,20352.01953
262,2024-10-26,2781,66628.7370038706,67317.9181596119,66360.5955044004,67014.6977283094,19588098156.32,1325286022321.48,0.0,1.0,28.0,2740.899902,5808.120117,20352.01953
261,2024-10-27,2781,67023.4794186223,68221.3147408775,66847.223099558,67929.298795622,16721307878.1,1343230761707.59,-0.2303181117508257,16.0,38.0,2740.899902,5808.120117,20352.01953
260,2024-10-28,2781,67922.6742726804,70212.2690406726,67535.1310128429,69907.7546738921,38799856657.22,1382358128595.11,0.0,3.0,38.0,2742.899902,5823.52002,20351.07031
259,2024-10-29,2781,69910.0453659464,73577.2096582116,69729.9178301829,72720.4935748749,58541874401.85,1437942445619.61,-0.1177159785971446,102.0,38.0,2768.399902,5832.919922,20550.65039
258,2024-10-30,2781,72715.366485431,72905.2985200754,71411.7350339885,72339.5421808449,40646637831.37,1430461157910.81,-0.0747557946613856,20.0,38.0,2788.5,5813.669922,20387.69922
257,2024-10-31,2781,72335.0440826332,72662.3097987825,69590.5028708254,70215.1856325839,40627912076.23,1388607599014.43,-0.4564944188147132,22.0,38.0,2738.300049,5705.450195,19890.41992
256,2024-11-01,2781,70216.8969678825,71559.0165698806,68779.7003414485,69482.4698507967,49989795365.09,1374187711280.88,0.0,9.0,38.0,2738.600098,5728.799805,20033.14063
255,2024-11-02,2781,69486.0239046236,69867.3518537627,69033.7222580968,69289.276665623,18184612091.32,1370468034065.75,0.0,3.0,38.0,2738.600098,5728.799805,20033.14063
254,2024-11-03,2781,69296.3820562098,69361.6580037475,67482.5254366951,68741.1154919735,34868307655.18,1359535744745.29,0.0,3.0,56.0,2738.600098,5728.799805,20033.14063
253,2024-11-04,2781,68742.1346678016,69433.1764178494,66803.649995796,67811.5091418451,41184819348.33,1341156657449.22,-0.3259128081714141,41.0,56.0,2736.100098,5712.689941,19963.59961
252,2024-11-05,2781,67811.1743325914,70522.7868214104,67458.8696770123,69359.5661661779,46046889204.13,1371788058010.5,-0.0508979769314036,14.0,56.0,2740.300049,5782.759766,20227.46094
251,2024-11-06,2781,69358.5019894605,76460.1533724237,69322.0318962876,75639.0779464884,118592653963.0,1496003893299.42,0.0886303351960753,43.0,56.0,2667.600098,5929.040039,20781.33008
250,2024-11-07,2781,75637.0849735144,76943.1180221876,74480.4193106694,75904.8584618969,63467654989.4,1501297989024.83,-0.0195414955563404,47.0,56.0,2698.399902,5973.100098,21101.57031
249,2024-11-08,2781,75902.832566501,77252.7476648638,75648.741198608,76545.4766431325,55176858002.62,1514255354916.4,0.6230876457511619,19.0,56.0,2687.5,5995.540039,21117.17969
248,2024-11-09,2781,76556.1911313233,76932.7639895921,75773.788516772,76778.8677516165,29009480361.15,1518690764416.78,0.0087202248119172,14.0,56.0,2687.5,5995.540039,21117.17969
247,2024-11-10,2781,76775.5438015685,81474.4238878783,76565.429933246,80474.185602194,82570594494.54,1591750610705.99,-0.0144396610587559,70.0,100.0,2687.5,5995.540039,21117.17969
246,2024-11-11,2781,80471.4131920498,89604.4978355824,80283.2476219227,88701.488084206,117966845037.02,1754682553469.65,-0.0539381985213377,119.0,100.0,2611.199951,6001.350098,21106.58984
245,2024-11-12,2781,88705.5644865659,89956.882361506,85155.1115052484,87955.8098216397,133673285374.5,1739381625716.84,0.4113063820819745,38.0,100.0,2600.0,5983.990234,21070.78906
244,2024-11-13,2781,87929.9667732448,93434.3553403447,86256.9319678433,90584.1666733787,123559027868.7,1791737553113.66,0.0520736424362973,101.0,100.0,2580.800049,5985.379883,21036.16016
243,2024-11-14,2781,90574.8820553752,91765.221369439,86682.8158227338,87250.4312745932,87616705247.88,1727562262252.15,0.016910883742319,30.0,100.0,2568.199951,5949.169922,20896.66992
242,2024-11-15,2781,87284.1830981024,91868.744436111,87124.9008601843,91066.0069552759,78243109518.27,1801436194834.93,-0.0800527582264634,52.0,100.0,2565.699951,5870.620117,20394.13086
241,2024-11-16,2781,91064.3662256104,91763.9478843873,90094.2253690597,90558.4752358199,44333192813.6,1791535825197.71,-0.2464627927372912,27.0,100.0,2565.699951,5870.620117,20394.13086
240,2024-11-17,2781,90558.4631117088,91433.04050285,88741.6658321694,89845.8512088281,46350159305.48,1777526304284.46,0.0154002118110656,15.0,87.0,2565.699951,5870.620117,20394.13086
239,2024-11-18,2781,89843.7154789328,92596.7889194348,89393.5905739655,90542.6439962666,75535775084.26,1791255587562.26,-0.0064405727745591,36.0,87.0,2610.600098,5893.620117,20539.18945
238,2024-11-19,2781,90536.8115264555,94002.8701076919,90426.9853808707,92343.7920549007,74521048294.81,1826956673335.0,0.060384003365055,62.0,87.0,2627.100098,5916.97998,20684.58984
237,2024-11-20,2781,92341.8941573535,94902.0235761485,91619.4963973839,94339.4950270085,71730956426.31,1866427425875.83,-0.1310619248284233,7.0,87.0,2648.199951,5917.109863,20667.09961
236,2024-11-21,2781,94334.6432809324,99014.214912061,94132.6009666759,98504.7275898154,106024505581.86,1948797365352.85,-0.1211341920844364,104.0,87.0,2672.100098,5948.709961,20740.7793
235,2024-11-22,2781,98496.4294867186,99655.5010786335,97222.6670416634,98997.662080436,78473580550.87,1958954432126.85,0.0025932623129375,78.0,87.0,2709.899902,5969.339844,20776.23047
234,2024-11-23,2781,99006.7422747472,99014.6778634921,97232.893115107,97777.279763055,44414644676.69,1934627418210.28,-0.003893316056124,76.0,87.0,2709.899902,5969.339844,20776.23047
233,2024-11-24,2781,97778.0973586439,98647.1775807062,95788.0769955707,98013.8209078789,51712020622.89,1937919789263.12,-0.0210240828656704,20.0,67.0,2709.899902,5969.339844,20776.23047
232,2024-11-25,2781,98033.4427003163,98935.0318069042,92642.9148612771,93102.2952135852,80909462490.0,1842257290730.95,0.0045298941085542,36.0,67.0,2616.800049,5987.370117,20804.89063
231,2024-11-26,2781,93087.2799915931,94991.7499693653,90770.8150406524,91985.3168304103,91656519855.42,1820053564596.46,-0.1001652831236521,60.0,67.0,2620.300049,6021.629883,20922.90039
230,2024-11-27,2781,91978.1385818315,97361.1819357048,91778.6612119403,95962.5284193169,71133452438.22,1898774680758.02,-0.0898823508139989,28.0,67.0,2639.899902,5998.740234,20744.49023
229,2024-11-28,2781,95954.9448816703,96650.2037683052,94677.3542961871,95652.4651587091,52260008260.61,1892868519535.94,0.1401118212971487,78.0,67.0,2639.899902,5998.740234,20744.49023
228,2024-11-29,2781,95653.9525935763,98693.1681672557,95407.8863720956,97461.5237129843,54968682476.36,1928820661174.08,-0.4816206892621488,42.0,67.0,2657.0,6032.379883,20930.36914
227,2024-11-30,2781,97468.8124452958,97499.3424017154,96144.2198283204,96449.0558127732,31634227866.46,1908652965665.17,-0.0057776944581852,22.0,67.0,2657.0,6032.379883,20930.36914
226,2024-12-01,2781,96461.3368002386,97888.1272696056,95770.1844650506,97279.7929223558,36590695296.24,1924784957143.68,-0.0031987072266254,36.0,80.0,2657.0,6032.379883,20930.36914
225,2024-12-02,2781,97276.0101170567,98152.5982470177,94482.8633434321,95865.3016323752,72680784305.11,1896994040043.38,-0.3081174105452593,41.0,80.0,2634.899902,6047.149902,21164.59961
224,2024-12-03,2781,95854.5974342939,96297.2000609749,93629.5598937809,96002.162144032,67067810961.23,1899532461067.09,-0.1499702797995673,19.0,80.0,2644.699951,6049.879883,21229.32031
223,2024-12-04,2781,95988.5287123714,99207.3250728128,94660.5232511768,98768.5275553455,77199817111.98,1954156097012.25,-0.003689858889634,60.0,80.0,2653.800049,6086.490234,21492.35938
222,2024-12-05,2781,98741.5393815507,103900.4721472336,91998.781701436,96593.5722722098,149218945579.65,1911777565577.02,0.1586945499448225,168.0,80.0,2626.600098,6075.109863,21425.2207
221,2024-12-06,2781,97074.2248322286,102039.8817958907,96514.8760817966,99920.7147303285,94534772657.92,1977630964720.96,0.2974894022393394,67.0,80.0,2638.600098,6090.27002,21622.25
220,2024-12-07,2781,99916.7144638641,100563.3797510387,99030.8864921902,99923.3366192646,44177510896.8,1977521445640.32,-0.0218505860679259,67.0,80.0,2638.600098,6090.27002,21622.25
219,2024-12-08,2781,99921.9167967171,101399.9887089246,98771.5141679393,101236.0131403532,44125751925.28,2003538950158.15,0.0,18.0,62.0,2638.600098,6090.27002,21622.25
218,2024-12-09,2781,101237.0615213342,101272.5042134275,94355.9110419722,97432.7212603679,110676473908.41,1928513648652.0,-0.243691971830234,63.0,62.0,2664.899902,6052.850098,21440.82031
217,2024-12-10,2781,97441.2344664559,98270.1527701471,94321.25879199,96675.4335399369,104823780633.61,1913235117589.06,-0.0139145935839475,75.0,62.0,2697.600098,6034.910156,21368.17969
216,2024-12-11,2781,96656.0616181213,101913.3624657153,95747.2288650111,101173.0326451109,85391409935.84,2002682634623.17,0.0759915936301255,52.0,62.0,2733.800049,6084.189941,21763.98047
215,2024-12-12,2781,101167.8070043369,102524.9102753456,99339.9499287061,100042.9979150116,72073983532.97,1980440555379.36,-0.3192306489420097,21.0,62.0,2687.5,6051.25,21615.26953
214,2024-12-13,2781,100046.6505381214,101888.8084089508,99233.2780486758,101459.2544012685,56894751583.19,2008423637064.33,0.1597917992680642,56.0,62.0,2656.0,6051.089844,21780.25
213,2024-12-14,2781,101451.4399501803,102618.8845754313,100634.0575481614,101372.9660786534,40422968793.07,2006808502978.48,0.0654794841668938,37.0,62.0,2656.0,6051.089844,21780.25
212,2024-12-15,2781,101373.5329606796,105047.5418842031,101227.0277929951,104298.6957979219,51145914137.43,2065144333081.26,8.189563989187782e-05,100.0,70.0,2656.0,6051.089844,21780.25
211,2024-12-16,2781,104293.5764606967,107780.5795522059,103322.9828188519,106029.7205860963,91020417816.32,2099101774990.23,0.0565312407119871,56.0,70.0,2651.399902,6074.080078,22096.66016
210,2024-12-17,2781,106030.6905824521,108268.4470804361,105291.7378675813,106140.5982384302,68589364867.85,2101344621529.72,0.0099730322526955,95.0,70.0,2644.399902,6050.609863,22001.08008
209,2024-12-18,2781,106147.2952596834,106470.6063648963,100041.5427029048,100041.5427029048,93865656139.45,1982994456166.16,-0.2003621734244003,45.0,70.0,2636.5,5872.160156,21209.32031
208,2024-12-19,2781,100070.6874289428,102748.1508466264,95587.6815019394,97490.949982775,97221662391.74,1930044053238.37,0.0387354773776687,117.0,70.0,2592.199951,5867.080078,21110.50977
207,2024-12-20,2781,97484.6973095173,98098.9113051982,92175.1804504625,97755.9301603751,105634083408.08,1935459460468.73,-0.3168061412150561,84.0,70.0,2628.699951,5930.850098,21289.15039
206,2024-12-21,2781,97756.1922018157,99507.0985909185,96426.5207387424,97224.7263442974,51765334293.97,1924861940275.83,0.3156893472194672,73.0,70.0,2628.699951,5930.850098,21289.15039
205,2024-12-22,2781,97218.3182689266,97360.2647012436,94202.1862477336,95104.9343710597,43147981313.7,1882953315399.26,-0.0350675969167266,21.0,57.0,2628.699951,5930.850098,21289.15039
204,2024-12-23,2781,95099.3919548289,96416.2139282978,92403.1313832204,94686.2394384325,65239002918.62,1875314065984.88,-0.0004571276674187,54.0,57.0,2612.300049,5974.069824,21503.16992
203,2024-12-24,2781,94684.3475533376,99404.0613248691,93448.0139404195,98676.0973968281,47114953674.13,1953851713516.67,0.1711909396980613,31.0,57.0,2620.0,6040.040039,21797.65039
202,2024-12-25,2781,98675.9108627628,99478.7490158499,97593.470165093,99299.1927492124,33700394629.11,1966210082590.95,-0.1581297814846038,4.0,57.0,2620.0,6040.040039,21797.65039
201,2024-12-26,2781,99297.6970087846,99884.57216657,95137.8852950566,95795.5165975983,47054980873.26,1896937576269.02,-0.0289742818900517,9.0,57.0,2638.800049,6037.589844,21768.31055
200,2024-12-27,2781,95704.9745862557,97294.8464204259,93310.7438042296,94164.8603483526,52419934565.08,1864541907464.46,-0.0001727996161017,43.0,57.0,2617.199951,5970.839844,21473.01953
199,2024-12-28,2781,94160.1862227031,95525.8985215209,94014.2864973319,95163.9319264048,24107436184.88,1884684226460.12,-0.0265997485633297,79.0,57.0,2617.199951,5970.839844,21473.01953
198,2024-12-29,2781,95174.0551172888,95174.8784017898,92881.7918699336,93530.2284378695,29635885266.64,1852119372624.09,-0.0249986180616815,34.0,53.0,2617.199951,5970.839844,21473.01953
197,2024-12-30,2781,93527.1974974745,94903.3238957155,91317.1354600511,92643.2146040146,56188003691.42,1834643033988.95,-0.0007661855988911,55.0,53.0,2606.100098,5906.939941,21197.08984
196,2024-12-31,2781,92643.251221688,96090.6037883835,91914.0277832714,93429.2028113992,43625106842.87,1850183342119.26,-0.0107585131671292,39.0,53.0,2629.199951,5881.629883,21012.16992
195,2025-01-01,2781,93425.1021360494,94929.8648089961,92788.1278846819,94419.7575054903,24519888918.84,1869850163161.44,0.4610437072783588,46.0,53.0,2629.199951,5881.629883,21012.16992
194,2025-01-02,2781,94416.2865472787,97739.8168446244,94201.5704154564,96886.8782682304,46009564411.19,1918730145566.76,0.3878085870103738,39.0,53.0,2658.899902,5868.549805,20975.61914
193,2025-01-03,2781,96881.7290234686,98956.9170426074,96034.6140572454,98107.4287619937,35611391162.85,1943222658412.32,-0.0479132282106499,30.0,53.0,2645.0,5942.470215,21326.16016
192,2025-01-04,2781,98106.9935527892,98734.4281764666,97562.9759692776,98236.2290916657,22342608077.72,1945654462825.16,-0.0018881206059347,26.0,53.0,2645.0,5942.470215,21326.16016
191,2025-01-05,2781,98233.9057765858,98813.3085544115,97291.7646063472,98314.9594436372,20525254824.64,1947189546143.58,0.5129747631777806,67.0,52.0,2645.0,5942.470215,21326.16016
190,2025-01-06,2781,98314.9569580597,102482.8739099194,97926.1485172348,102078.0855728765,51823432704.9,2021809968109.4,0.271498598618369,60.0,52.0,2638.399902,5975.379883,21559.5
189,2025-01-07,2781,102248.8525481832,102712.4856972717,96132.8747011312,96922.7052796726,58685738546.55,1919787500379.26,-0.0270868863768414,41.0,52.0,2656.699951,5909.029785,21173.03906
188,2025-01-08,2781,96924.1649742654,97258.3217480094,92525.8445608172,95043.5234559406,63875859171.19,1882572360732.92,-0.0090256968818331,53.0,52.0,2664.5,5918.25,21180.9707
187,2025-01-09,2781,95043.4876399706,95349.7214596253,91220.8422602806,92484.0369715298,62777261693.16,1832169140187.88,-0.0422099820877376,15.0,52.0,2683.800049,5918.25,21180.9707
186,2025-01-10,2781,92494.4915059927,95770.6115962075,92250.092737317,94701.4564626687,62058693683.57,1875885466612.61,0.0,10.0,52.0,2708.5,5827.040039,20847.58008
185,2025-01-11,2781,94700.8380534732,94977.6876648955,93840.043523601,94566.5936752458,18860894100.35,1873237899879.31,-0.0012326699347313,15.0,52.0,2708.5,5827.040039,20847.58008
184,2025-01-12,2781,94565.7258317476,95367.5362990402,93712.5116724825,94488.4410616268,20885130964.79,1871766465336.38,-0.0179243806530447,8.0,52.0,2708.5,5827.040039,20847.58008
183,2025-01-13,2781,94488.8921736814,95837.0002259194,89260.1001886086,94516.5256268428,72978998252.04,1872375406197.59,-0.1202533229614745,70.0,52.0,2673.5,5836.220215,20784.7207
182,2025-01-14,2781,94519.0071414979,97352.6647477847,94322.154503832,96534.0442146476,53769675817.65,1912474167256.74,-0.1246287237149206,25.0,52.0,2677.5,5842.910156,20757.41016
181,2025-01-15,2781,96534.0459693992,100697.2343634354,96501.6443933864,100504.493441195,57805923627.33,1991112409561.28,0.0531226401086785,62.0,52.0,2712.5,5949.910156,21237.84961
180,2025-01-16,2781,100505.2987263067,100781.5890950225,97364.4430844998,99756.9090981947,54103781804.71,1975939538073.53,0.1383901342716259,81.0,52.0,2746.399902,5937.339844,21091.25
179,2025-01-17,2781,100025.7650552685,105884.230447798,99948.9050642389,104462.0426222178,71888972662.9,2069344681719.56,0.0852964242072147,64.0,52.0,2744.300049,5996.660156,21441.16016
178,2025-01-18,2781,104124.9545762088,104913.2062143758,102226.6203345545,104408.0673030506,50445655725.64,2068581942437.74,0.02863992923914,19.0,52.0,2744.300049,5996.660156,21441.16016
177,2025-01-19,2781,104411.286795273,106299.7985288669,99570.5311832792,101089.6064983213,76789928525.09,2002715800503.2,-0.4279695688561831,67.0,66.0,2744.300049,5996.660156,21441.16016
176,2025-01-20,2781,101083.753465156,109114.8848340883,99471.3589402134,102016.6622807587,126279678351.02,2021959305140.74,-0.1198138288974092,80.0,66.0,2744.300049,5996.660156,21441.16016
175,2025-01-21,2781,102052.5752511938,107180.9248951009,100103.9558070991,106146.2630067343,88733878242.01,2102915931217.31,0.3121935007787401,67.0,66.0,2755.0,6049.240234,21566.50977
174,2025-01-22,2781,106136.3833471013,106294.3401357715,103360.2693116155,103653.0692422291,53878181052.37,2053851084717.98,0.0143665651215933,102.0,66.0,2767.600098,6086.370117,21853.0
173,2025-01-23,2781,103657.674563574,106820.3288084091,101257.8031755016,103960.1716372268,104104515428.06,2059818861176.53,-1.4708131172218052e-05,45.0,66.0,2763.100098,6118.709961,21900.92969
172,2025-01-24,2781,103965.6697206428,107098.5451631159,102772.1241731584,104819.4844854964,52388229265.3,2076961712719.0,-0.6491980436574394,43.0,66.0,2777.300049,6101.240234,21774.00977
171,2025-01-25,2781,104824.0336788709,105243.7906021354,104120.3768049614,104714.6453663176,23888996501.99,2074559479001.94,-0.0058170764068147,43.0,66.0,2777.300049,6101.240234,21774.00977
170,2025-01-26,2781,104713.2132299644,105438.6445345296,102507.711729671,102682.4970331773,22543395879.45,2034705019960.93,0.135476433457555,44.0,48.0,2777.300049,6101.240234,21774.00977
169,2025-01-27,2781,102680.3035909706,103214.110459846,97795.9361021666,102087.6913350177,89006608427.88,2023052943646.03,-0.2442966523398653,36.0,48.0,2737.5,6012.279785,21127.2793
168,2025-01-28,2781,102095.417582976,103730.8210612241,100238.1881368375,101332.4762208059,47180685494.0,2007518100049.64,-0.0116319904280135,25.0,48.0,2766.800049,6067.700195,21463.03906
167,2025-01-29,2781,101317.5272532106,104750.8072420015,101283.8227095721,103703.2111924169,47432049817.95,2055183543946.32,0.269322722488898,47.0,48.0,2769.100098,6039.310059,21411.46094
166,2025-01-30,2781,103709.3387991247,106418.7666945693,103321.6450644576,104735.3028391485,41915744521.36,2075653153142.54,-0.0214726987637971,23.0,48.0,2823.0,6071.169922,21508.11914
165,2025-01-31,2781,104737.5621920365,106026.3502880846,101543.8829139224,102405.0270844454,45732764359.6,2029428972448.1,-0.0823041131628501,18.0,48.0,2812.5,6040.529785,21478.05078
164,2025-02-01,2781,102402.7981153973,102755.7260175272,100297.7092387421,100655.9056512145,27757944848.3,1994943345106.19,-0.5829472941803705,52.0,48.0,2812.5,6040.529785,21478.05078
163,2025-02-02,2781,100661.5363872362,101430.6658330409,96216.0778118839,97688.9793048889,63091816853.4,1935746524005.4,-0.3416237841297957,54.0,54.0,2812.5,6040.529785,21478.05078
162,2025-02-03,2781,97681.1032562505,102514.1746801738,91242.8926025841,101405.4230656902,115400897748.03,2009571185330.52,-0.4502521968026201,69.0,54.0,2833.899902,5994.569824,21297.58008
161,2025-02-04,2781,101398.717040286,101745.6133048196,96208.1065468762,97871.8178338929,73002130210.71,1939247972759.58,-0.3621303353990827,10.0,54.0,2853.300049,6037.879883,21566.91992
160,2025-02-05,2781,97878.0097544626,99113.2078252824,96174.8255591031,96615.4445401536,49125911241.12,1915013611807.15,-0.0207324669831294,19.0,54.0,2871.600098,6061.47998,21658.16016
159,2025-02-06,2781,96610.6402284928,99168.6060063579,95707.3499191183,96593.3003285625,45302471947.11,1914349686277.64,0.2895149635754043,28.0,54.0,2856.0,6083.569824,21774.07031
158,2025-02-07,2781,96581.3172874407,100154.143334761,95653.8866516577,96529.082494532,55741290456.48,1913405359442.93,-0.0319666430641909,54.0,54.0,2867.300049,6025.990234,21491.31055
157,2025-02-08,2781,96533.2608441032,96877.8073359892,95702.4923701161,96482.4498744429,22447526395.12,1912426186151.71,0.0221242229386986,43.0,54.0,2867.300049,6025.990234,21491.31055
156,2025-02-09,2781,96481.315261394,97325.2820426549,94745.2612271789,96500.0947902698,27732901800.43,1912827391516.37,-0.2523400418220027,19.0,36.0,2867.300049,6025.990234,21491.31055
155,2025-02-10,2781,96499.4620926385,98333.2200725747,95320.8420255399,97437.5572620868,40078962390.78,1931740792090.75,-0.018271023514627,11.0,36.0,2914.300049,6066.439941,21756.73047
154,2025-02-11,2781,97438.1312083266,98492.9012816126,94875.0388502221,95747.4311295895,37488783271.89,1897964794815.03,-0.0524616195605351,7.0,36.0,2912.5,6068.5,21693.51953
153,2025-02-12,2781,95745.6944569594,98151.0269256076,94101.2033270052,97885.8630551901,49340445529.78,1940242365476.66,-0.0025364373946309,67.0,36.0,2909.0,6051.970215,21719.25977
152,2025-02-13,2781,97888.7464885097,98111.0874246068,95269.7078995683,96623.8690084382,37147280859.99,1915447210572.84,-0.0151293783410824,73.0,36.0,2925.899902,6115.069824,22030.71094
151,2025-02-14,2781,96623.3708675579,98819.468963167,96342.8060263559,97508.9699033175,32697987276.92,1932948924495.69,0.0317275255918502,25.0,36.0,2883.600098,6114.629883,22114.68945
150,2025-02-15,2781,97508.3827694604,97975.0372487157,97240.197119082,97580.3493821008,17047266288.41,1934520637924.95,0.0008105045493516,34.0,36.0,2883.600098,6114.629883,22114.68945
149,2025-02-16,2781,97580.4905830129,97725.5973030704,96060.9797534292,96175.0320402609,16536755396.23,1906779638967.32,0.0666437310857612,63.0,36.0,2883.600098,6114.629883,22114.68945
148,2025-02-17,2781,96179.0045652885,97032.2382535096,95243.5431921376,95773.3841866043,27336550689.63,1898793608528.55,0.0081663244030311,42.0,36.0,2883.600098,6114.629883,22114.68945
147,2025-02-18,2781,95773.8162428381,96695.378399656,93388.8322011121,95539.5436031828,37325720482.36,1894092344724.63,-0.5174063875669365,20.0,36.0,2931.600098,6129.580078,22164.60938
146,2025-02-19,2781,95532.5321463391,96855.5972199515,95011.9690766763,96635.6132123525,28990872861.84,1915897477169.6,-0.5565971226477232,30.0,36.0,2919.399902,6144.149902,22175.59961
145,2025-02-20,2781,96632.6791870311,98767.1937355485,96442.6707214109,98333.937829345,31668022770.75,1949797317941.17,-0.0063303112886456,56.0,36.0,2940.0,6117.52002,22068.06055
144,2025-02-21,2781,98340.6700379587,99497.9667673705,94852.9586202686,96125.5440549653,49608706469.55,1905832099166.45,-0.1638909744930916,31.0,36.0,2937.600098,6013.129883,21614.08008
143,2025-02-22,2781,96134.2019122491,96950.1593791318,95765.3403944205,96577.7615471497,18353824476.55,1914928937300.34,-0.0122963899074999,51.0,36.0,2937.600098,6013.129883,21614.08008
142,2025-02-23,2781,96577.8030806053,96671.8742938271,95270.4528059821,96273.9197465574,16999478976.16,1909022572746.19,-0.0468746770230155,43.0,56.0,2937.600098,6013.129883,21614.08008
141,2025-02-24,2781,96277.9637903407,96503.4544271125,91371.7407133849,91418.1736674415,44046480529.18,1812835768648.78,-0.1670793509068696,62.0,56.0,2947.899902,5983.25,21352.08008
140,2025-02-25,2781,91437.1140051059,92511.0797388523,86008.2349127652,88736.1734415255,92139104127.7,1759577092442.84,-0.272584849869885,115.0,56.0,2904.5,5955.25,21087.25
139,2025-02-26,2781,88638.893456738,89286.2519247124,82131.9013643001,84347.019721982,64597492134.27,1671143630991.63,-0.0206763651250515,19.0,56.0,2916.800049,5956.060059,21132.91992
138,2025-02-27,2781,84076.8619070145,87000.7810169214,83144.9590529622,84704.2245822833,52659591953.61,1679717102161.05,-0.1141603172119027,25.0,56.0,2883.199951,5861.569824,20550.94922
137,2025-02-28,2781,84705.6284802187,85036.3222274563,78248.9161015268,84373.0103295802,83610570575.92,1673219380516.41,0.1320262665708299,89.0,56.0,2836.800049,5954.5,20884.41016
136,2025-03-01,2781,84373.8643718367,86522.3023454015,83794.2324922408,86031.9123977154,29190628396.31,1706160579762.37,0.0353451074030218,27.0,56.0,2836.800049,5954.5,20884.41016
135,2025-03-02,2781,86036.2575495497,95043.435203001,85040.211164905,94248.3505251674,58398341092.43,1869318230178.38,-0.0635669192974223,43.0,68.0,2836.800049,5954.5,20884.41016
134,2025-03-03,2781,94248.4214971805,94429.7478237328,85081.3049286788,86065.6683289207,70072228536.46,1707124824346.28,-0.0055132892046937,56.0,68.0,2890.199951,5849.720215,20425.58008
133,2025-03-04,2781,86064.0666589959,88911.2740776466,81529.2398329868,87222.1922066767,68095241474.12,1729669520136.75,0.0985363086398977,56.0,68.0,2909.600098,5778.149902,20352.5293
132,2025-03-05,2781,87222.954869116,90998.2395434617,86379.7730424013,90623.5618428087,50498988027.45,1797288639505.38,-0.4394367349225205,35.0,68.0,2915.300049,5842.629883,20628.46094
131,2025-03-06,2781,90622.3611550251,92804.9398315323,87852.1384806097,89961.727243714,47749810486.3,1783797293239.35,-0.2036171931417743,35.0,68.0,2916.600098,5738.52002,20052.63086
130,2025-03-07,2781,89963.2830044752,91191.0496299424,84717.6796713483,86742.6756244441,65945677657.29,1720278292432.94,-0.1057214074372412,117.0,68.0,2904.699951,5770.200195,20201.36914
129,2025-03-08,2781,86742.6529900258,86847.2675938541,85247.4841877294,86154.5932099702,18206118081.06,1708770969530.81,-0.2668545206762709,20.0,68.0,2904.699951,5770.200195,20201.36914
128,2025-03-09,2781,86154.3058905771,86471.1301630585,80052.4869785059,80601.0413114199,30899345977.33,1598204838668.61,-0.1523975074064828,107.0,57.0,2904.699951,5770.200195,20201.36914
127,2025-03-10,2781,80597.1497836398,83955.9262519717,77420.5921857503,78532.0018084677,54061099421.87,1558443889890.77,-0.218983852490247,156.0,57.0,2891.0,5614.560059,19430.94922
126,2025-03-11,2781,78523.8715438118,83577.7559592816,76624.2524898268,82862.2081809809,54702837195.93,1643251488719.33,-0.0884321169423452,56.0,57.0,2912.899902,5572.069824,19376.96094
125,2025-03-12,2781,82857.3783720186,84358.5774618278,80635.2492346441,83722.3619517496,40353484453.92,1660115020072.53,-0.0039630208203369,65.0,57.0,2939.100098,5599.299805,19596.01953
124,2025-03-13,2781,83724.9195997057,84301.6919089795,79931.853244561,81066.7013691458,31412940153.29,1608729406184.04,-0.0110023410607737,49.0,57.0,2984.300049,5521.52002,19225.48047
123,2025-03-14,2781,81066.993377569,85263.2898568471,80797.5625908225,83969.0997189857,29588112413.91,1665855004855.24,-0.0353112906531962,85.0,57.0,2994.5,5638.939941,19704.64063
122,2025-03-15,2781,83968.4059495509,84672.6721611549,83639.5948576348,84343.1084583416,13650491277.15,1673151454912.12,-0.0272264777037201,29.0,57.0,2994.5,5638.939941,19704.64063
121,2025-03-16,2781,84333.3216170116,85051.5984853423,82017.9047143343,82579.6908921864,21330270173.57,1638135611739.34,-0.0283996318587349,33.0,41.0,2994.5,5638.939941,19704.64063
120,2025-03-17,2781,82576.3342781945,84725.3259819035,82492.1525372132,84075.6886968797,25092785558.06,1667916832027.95,-0.4445534785362807,51.0,41.0,3000.0,5675.120117,19812.24023
119,2025-03-18,2781,84075.7156723962,84075.7156723962,81179.9901632846,82718.5023176431,24095774593.8,1641034534667.84,-0.0618895790853553,49.0,41.0,3035.100098,5614.660156,19483.35938
118,2025-03-19,2781,82718.8042584539,87021.1858054925,82569.7268946267,86854.2259604391,34931960257.28,1723489026417.42,-0.3431603707309462,28.0,41.0,3035.899902,5675.290039,19736.66016
117,2025-03-20,2781,86872.9533018947,87443.2677695942,83647.1939665022,84167.1934043364,29028988960.57,1669793971945.76,-0.0126378089040368,77.0,41.0,3040.0,5662.890137,19677.60938
116,2025-03-21,2781,84164.5425239259,84782.27165102,83171.0697216811,84043.245182099,19030452299.43,1667338686341.68,-0.0024979762191879,19.0,41.0,3018.199951,5667.560059,19753.9707
115,2025-03-22,2781,84046.2582881817,84513.8724239979,83674.78082322,83832.4875518333,9863214090.93,1663232978817.3,-0.072155990098652,18.0,41.0,3018.199951,5667.560059,19753.9707
114,2025-03-23,2781,83831.9005141602,86094.7800776054,83794.9106561252,86054.3718630108,12594615536.53,1707315972975.48,-0.6746683718548463,30.0,35.0,3018.199951,5667.560059,19753.9707
113,2025-03-24,2781,86070.9281111585,88758.7296368342,85541.1981001687,87498.9124102767,34582604932.53,1736502001565.25,-0.0033509198576211,17.0,35.0,3013.100098,5767.569824,20180.44922
112,2025-03-25,2781,87512.8194407259,88542.3946728374,86346.0788966631,87471.7030479404,30005840048.56,1735384354257.58,-0.2108987969724554,27.0,35.0,3023.699951,5776.649902,20287.83008
111,2025-03-26,2781,87460.2366697949,88292.156901437,85861.455394714,86900.8855432885,26704046037.95,1724236156701.27,0.1165810761334409,51.0,35.0,3020.899902,5712.200195,19916.99023
110,2025-03-27,2781,86896.2548762212,87786.723395316,85837.9337014745,87177.1021055135,24413471940.5,1730010857472.35,0.0018279658813102,33.0,35.0,3060.199951,5693.310059,19798.61914
109,2025-03-28,2781,87185.2346771071,87489.8612148241,83557.6424644235,84353.1510125816,34198619509.07,1673833438274.29,-0.0104119520151638,37.0,35.0,3086.5,5580.939941,19281.40039
108,2025-03-29,2781,84352.0727262958,84567.3321457268,81634.1413054795,82597.5843388613,16969396135.15,1639041071993.37,-0.2499513780712185,22.0,35.0,3086.5,5580.939941,19281.40039
107,2025-03-30,2781,82596.9832343092,83505.0029320693,81573.2470657633,82334.5226969202,14763760943.16,1633897839688.31,-0.4730857372283935,4.0,42.0,3086.5,5580.939941,19281.40039
106,2025-03-31,2781,82336.0593457524,83870.1213490621,81293.8885609204,82548.9109608694,29004228246.6,1638221363683.2,-0.3422214950941786,56.0,42.0,3122.800049,5611.850098,19278.44922
105,2025-04-01,2781,82551.9187292547,85487.3661226658,82429.3619929085,85169.1695887702,28175650319.38,1690423576120.2,-0.3738561039305106,45.0,42.0,3118.899902,5633.069824,19436.41992
104,2025-04-02,2781,85180.6130399194,88466.9569585923,82343.5391072756,82485.7083713044,47584398470.45,1637022453253.18,0.0587238931655883,9.0,42.0,3139.899902,5670.970215,19581.7793
103,2025-04-03,2781,82487.4764239047,83909.2983654795,81282.0978627491,83102.8282065402,36852112079.93,1649221222254.52,-0.2174615591446921,33.0,42.0,3097.0,5396.52002,18521.4707
102,2025-04-04,2781,83100.2474409798,84696.1462638178,81670.7487703545,83843.8048731047,45157640206.84,1664044793034.85,-0.5489426475480172,56.0,42.0,3012.0,5074.080078,17397.69922
101,2025-04-05,2781,83844.6996629091,84207.0193621592,82377.7358642744,83504.8001720546,14380803630.57,1657340895729.22,-0.5978168872116649,43.0,42.0,3012.0,5074.080078,17397.69922
100,2025-04-06,2781,83504.5071163801,83704.7177864194,77097.7409017465,78214.4808171041,36294853735.96,1552514022964.74,-0.5629279921625617,43.0,55.0,3012.0,5074.080078,17397.69922
99,2025-04-07,2781,78221.3331336497,81119.0644210414,74436.6791009452,79235.333132174,91262424987.16,1572341577872.51,-0.4273293716608038,38.0,55.0,2951.300049,5062.25,17430.67969
98,2025-04-08,2781,79218.4738597791,80823.8881213157,76198.022280574,76271.9501747134,48314590748.66,1513925781250.1,-0.232663423654241,66.0,55.0,2968.399902,4982.77002,17090.40039
97,2025-04-09,2781,76273.5617005576,83541.0002548722,74589.6727070598,82573.9511277008,84213627037.89,1638855824943.54,-0.2499302557451808,34.0,55.0,3056.5,5456.899902,19145.06055
96,2025-04-10,2781,82565.9744525521,82700.9320641928,78456.1337477737,79626.1414360505,44718000633.05,1580516596818.75,-0.0258825521252624,44.0,55.0,3155.199951,5268.049805,18343.57031
95,2025-04-11,2781,79625.0481407205,84247.4736492697,78936.3205689461,83404.8398063772,41656778779.2,1655577243580.95,-0.356393454682921,19.0,55.0,3222.199951,5363.359863,18690.05078
94,2025-04-12,2781,83404.516993045,85856.1878699008,82769.3778925434,85287.1132768994,24258059103.94,1692832369410.95,0.0535908063252766,15.0,55.0,3222.199951,5363.359863,18690.05078
93,2025-04-13,2781,85279.4705343828,86015.1858492691,83027.0042626966,83684.9790281051,28796984817.37,1661414206575.85,-0.5733494017707947,17.0,31.0,3222.199951,5363.359863,18690.05078
92,2025-04-14,2781,83694.5232732834,85784.9977272972,83690.6369469088,84542.3912826737,34090769777.17,1678232271828.09,-0.1031847232347959,19.0,31.0,3204.800049,5405.970215,18796.01953
91,2025-04-15,2781,84539.692784981,86429.3484786375,83598.818421582,83668.9893302616,28040322884.75,1661094846850.74,0.1842298164446131,35.0,31.0,3218.699951,5396.629883,18830.23047
90,2025-04-16,2781,83674.5110786453,85428.2824096212,83100.617930143,84033.865416481,29617804112.22,1668203892788.15,-0.6133236469557652,25.0,31.0,3326.600098,5275.700195,18257.64063
89,2025-04-17,2781,84030.672926765,85449.067655591,83749.7530202011,84895.7514392675,21276866029.01,1685506773681.22,-0.7348193410155061,11.0,31.0,3308.699951,5282.700195,18258.08984
88,2025-04-18,2781,84900.1913574227,85095.0494426195,84298.8832048904,84450.8070773412,12728372364.23,1676621539019.95,0.0548777370290322,17.0,31.0,3308.699951,5282.700195,18258.08984
87,2025-04-19,2781,84450.8703334615,85597.7037392458,84353.4578154094,85063.4130568411,15259300427.02,1688872213416.23,-0.3600598619979562,16.0,31.0,3308.699951,5282.700195,18258.08984
86,2025-04-20,2781,85066.068869856,85306.3812568669,83976.8458492975,85174.3016291611,14664050811.93,1690999727673.35,-0.0633759341477168,16.0,38.0,3308.699951,5282.700195,18258.08984
85,2025-04-21,2781,85171.5427512029,88460.0961714718,85143.8377085489,87518.9050346999,41396190189.88,1737698002466.93,-0.0518199166460851,55.0,38.0,3406.199951,5158.200195,17808.30078
84,2025-04-22,2781,87521.8711734663,93817.3837912219,87084.529413867,93441.8933475575,55899038455.73,1854997709159.84,-0.0120961174838971,28.0,38.0,3400.800049,5287.759766,18276.41016
83,2025-04-23,2781,93427.5858085506,94535.7320718952,91962.9581822579,93699.1131760367,41719568820.85,1860287631188.0,0.3465112312273545,12.0,38.0,3276.300049,5375.859863,18693.25977
82,2025-04-24,2781,93692.3959519458,94016.19442848,91696.7141140385,93943.7934161249,31483175315.4,1865529089320.75,0.2218955852768638,32.0,38.0,3332.0,5484.77002,19214.40039
81,2025-04-25,2781,93954.249819661,95768.3924669559,92898.5930911719,94720.4980175858,40915232363.91,1880786784724.34,0.0,4.0,38.0,3282.399902,5525.209961,19432.56055
80,2025-04-26,2781,94714.6463714469,95251.3594381245,93927.2506283557,94646.928111682,17612825123.36,1879642011224.54,0.2834944157895436,32.0,38.0,3282.399902,5525.209961,19432.56055
79,2025-04-27,2781,94660.9092081124,95301.2063769868,93665.3973569293,93754.846738124,18090367763.89,1861696344787.47,-0.1803092381606832,50.0,33.0,3282.399902,5525.209961,19432.56055
78,2025-04-28,2781,93755.3036053418,95598.492236527,92860.808221058,94978.7525036375,32363449569.16,1886098133222.49,0.1863144271746631,38.0,33.0,3332.5,5528.75,19427.28906
77,2025-04-29,2781,94981.8613835771,95485.4128200751,93796.6342233736,94284.7916281156,25806129920.72,1872332680247.73,0.026149036385682,27.0,33.0,3318.800049,5560.830078,19544.94922
76,2025-04-30,2781,94286.4686573453,95249.319407173,92979.639627542,94207.311297523,28344679831.08,1870909932833.95,-0.0546273978443038,30.0,33.0,3305.0,5569.060059,19571.01953
75,2025-05-01,2781,94212.8628771738,97437.9638787913,94153.6338815343,96492.3390492363,32875889623.44,1916269083424.81,0.064457662060075,31.0,33.0,3210.0,5604.140137,19786.71094
74,2025-05-02,2781,96494.9691901396,97905.9008135535,96375.9461133598,96910.0685777286,26421924676.66,1924452398321.14,-0.4365954040133027,40.0,33.0,3231.899902,5686.669922,20102.60938
73,2025-05-03,2781,96904.6347353242,96943.8818152762,95821.2909183689,95891.7980343153,15775154888.97,1904096908523.72,0.2143575750020316,49.0,33.0,3231.899902,5686.669922,20102.60938
72,2025-05-04,2781,95877.1841802496,96318.9198205634,94173.4322400329,94315.9748890489,18198688416.06,1873204156311.45,0.2409113124012947,7.0,40.0,3231.899902,5686.669922,20102.60938
71,2025-05-05,2781,94319.5628677338,95193.1862006466,93566.2638409303,94748.0514753733,25816260327.41,1881770981023.73,-0.5172439217567444,1.0,40.0,3311.300049,5650.379883,19967.93945
70,2025-05-06,2781,94748.3862881353,96889.1762342253,93399.8589076862,96802.4775637596,26551275826.73,1922564634928.08,0.0040120074915331,17.0,40.0,3411.399902,5606.910156,19791.34961
69,2025-05-07,2781,96800.1944965502,97625.8053447067,95829.3320669444,97032.3189665813,76983822461.78,1927258114966.34,0.0,16.0,40.0,3381.399902,5631.279785,19867.9707
68,2025-05-08,2781,97034.2468888418,103969.5364903529,96913.8723974176,103241.4608298014,69895404396.74,2050549647765.61,0.5150775077428484,81.0,40.0,3296.600098,5663.939941,20063.56055
67,2025-05-09,2781,103239.1251639039,104297.4909082449,102343.0903303267,102970.8497440325,58198593958.12,2045331412613.67,-0.0515144449508118,20.0,40.0,3335.399902,5659.910156,20061.44922
66,2025-05-10,2781,102973.7142276973,104961.7643910694,102830.4816230377,104696.3272911721,42276713994.21,2079681907129.59,-0.1454835028240555,18.0,40.0,3335.399902,5659.910156,20061.44922
65,2025-05-11,2781,104701.072596459,104937.9892452482,103364.7397538321,104106.3555262647,46285517406.46,2067926988011.64,-0.3376264067277847,17.0,39.0,3335.399902,5659.910156,20061.44922
64,2025-05-12,2781,104106.9627066245,105747.4520683764,100814.4025733277,102812.953251549,63250475404.07,2042262518124.06,-0.324248663166113,21.0,39.0,3220.0,5844.189941,20868.15039
63,2025-05-13,2781,102812.4924643175,104997.4205859007,101515.092861187,104169.8128818504,52608876410.39,2069217464299.17,-0.0573420119840045,81.0,39.0,3240.300049,5886.549805,21197.69922
62,2025-05-14,2781,104167.325600448,104303.5651682622,102618.2973552737,103539.4170891327,45956071154.97,2056779928150.06,0.067932377280464,28.0,39.0,3181.399902,5892.580078,21319.21094
61,2025-05-15,2781,103538.825684185,104153.6198773439,101440.8124638765,103744.6435805224,50408241840.21,2060734306805.03,0.0564651194893809,53.0,39.0,3220.699951,5916.930176,21335.82031
60,2025-05-16,2781,103735.6550633715,104533.4866510729,103137.4787374947,103489.29171157,44386499364.19,2055844752493.61,0.0008978034219434,24.0,39.0,3182.0,5958.379883,21427.93945
59,2025-05-17,2781,103489.2897356949,103716.9489881669,102659.1770813014,103191.0854776988,37898552742.49,2049838797922.8,0.0,2.0,39.0,3182.0,5958.379883,21427.93945
58,2025-05-18,2781,103186.9556358247,106597.1681343974,103142.6045787782,106446.0105544264,49887082058.37,2114273396994.7,-0.0031409713176151,69.0,48.0,3182.0,5958.379883,21427.93945
57,2025-05-19,2781,106430.5327027544,107068.7223682781,102112.6854600726,105606.1814675408,61761126647.23,2098071217513.42,0.0183440958029954,29.0,48.0,3228.899902,5963.600098,21447.05078
56,2025-05-20,2781,105605.4091445749,107307.1139351273,104206.5157781555,106791.0896617118,36515726122.09,2121681311978.18,-0.0639803555281516,32.0,48.0,3280.300049,5940.459961,21367.36914
55,2025-05-21,2781,106791.3124236974,110724.4641814568,106127.2345983214,109678.0763095368,78086364051.2,2178990523382.01,-0.0226852302746996,40.0,48.0,3309.300049,5844.609863,21080.35938
54,2025-05-22,2781,109673.4918561923,111970.1681100799,109285.0723887112,111673.2840187451,70157575642.18,2218898497873.57,0.1010390122731526,25.0,48.0,3292.300049,5842.009766,21112.4707
53,2025-05-23,2781,111679.356260285,111798.9038726132,106841.301245188,107287.7967068221,67548133399.04,2131510862104.81,0.0,18.0,48.0,3363.600098,5802.819824,20915.66016
52,2025-05-24,2781,107278.5069779142,109454.5211792546,106895.2910814217,107791.1575412359,45903627162.57,2141965387828.07,0.0476047447617189,33.0,48.0,3363.600098,5802.819824,20915.66016
51,2025-05-25,2781,107802.2721295453,109313.3015279185,106683.372464366,109035.3870327308,47518041840.84,2166289174480.45,-0.3019494449210044,33.0,36.0,3363.600098,5802.819824,20915.66016
50,2025-05-26,2781,109023.7783282035,110376.8814726695,108735.6419218036,109440.3683582281,45950461570.55,2174618146067.49,-0.0032508154128475,28.0,36.0,3363.600098,5802.819824,20915.66016
49,2025-05-27,2781,109440.4094780203,110744.2078440242,107609.556733003,108994.6421508192,57450176271.9,2165759917665.08,-0.0018707879110883,76.0,36.0,3299.100098,5921.540039,21414.99023
48,2025-05-28,2781,108992.1725114153,109298.2886215052,106812.9299478466,107802.3245360646,49155377492.62,2142032300750.99,0.0039899929921398,97.0,36.0,3293.600098,5888.549805,21318.16992
47,2025-05-29,2781,107795.570582287,108910.0492110121,105374.3999013103,105641.7606983795,56022752042.28,2099378937278.93,0.0104409189221996,70.0,36.0,3317.100098,5912.169922,21363.94922
46,2025-05-30,2781,105646.207725502,106308.9485222422,103685.7882735482,103998.5722406304,57655287183.41,2066610850556.38,0.0167284317266954,57.0,36.0,3288.899902,5911.689941,21340.99023
45,2025-05-31,2781,103994.7151757602,104927.1045928867,103136.1134508832,104638.0912550028,38997843858.47,2079433767578.83,-0.0088808607246916,22.0,36.0,3288.899902,5911.689941,21340.99023
44,2025-06-01,2781,104637.296686896,105884.5442886983,103826.9555619665,105652.0985625249,37397056873.12,2099597472488.37,0.0121139745946151,26.0,33.0,3288.899902,5911.689941,21340.99023
43,2025-06-02,2781,105649.8096322775,105958.313362378,103727.5470740869,105881.5339020309,45819706290.18,2104387814851.39,-0.0120922597971829,6.0,33.0,3370.600098,5935.939941,21491.75
42,2025-06-03,2781,105888.473534717,106813.5790312666,104920.8441383086,105432.4700666072,46196508367.02,2095409805425.64,-0.0307216436966605,9.0,33.0,3350.199951,5970.370117,21662.58008
41,2025-06-04,2781,105434.3683148127,105997.6923423159,104232.6999497597,104731.9832551475,44544857105.32,2081863721656.37,0.0027936465443579,80.0,33.0,3373.5,5970.810059,21721.91992
40,2025-06-05,2781,104750.7800547679,105936.6901732138,100436.8859125027,101575.9523061866,57479298399.76,2018776223605.26,-0.1128940598902214,62.0,33.0,3350.699951,5939.299805,21547.42969
39,2025-06-06,2781,101574.3670737617,105376.77341111,101169.5724370532,104390.3469384754,48856653697.18,2074795695700.74,-0.0205022671551295,52.0,33.0,3322.699951,6000.359863,21761.78906
38,2025-06-07,2781,104390.644796748,105972.7540876929,103987.3117931851,105615.6263094638,38365033775.84,2099226790870.69,0.0654107278818397,46.0,33.0,3322.699951,6000.359863,21761.78906
37,2025-06-08,2781,105617.5094444598,106497.05984532,105075.3305195304,105793.6502275275,36626232327.83,2102766527055.86,0.0087122298329254,34.0,35.0,3322.699951,6000.359863,21761.78906
36,2025-06-09,2781,105793.0211746812,110561.4198181253,105400.2308957897,110294.0991055733,55903193732.46,2192310434433.03,-0.0300154763359378,91.0,35.0,3332.100098,6005.879883,21797.86914
35,2025-06-10,2781,110295.6876534883,110380.1214464524,108367.7134325946,110257.2377123657,54700101508.91,2191694012366.24,-0.0549348899081272,58.0,35.0,3320.899902,6038.810059,21941.91992
34,2025-06-11,2781,110261.7962567653,110384.2209621744,108086.3279190751,108686.6276821388,50842662052.1,2160417335559.55,-0.0238160512848094,53.0,35.0,3321.300049,6022.240234,21860.80078
33,2025-06-12,2781,108685.9104296005,108780.697441616,105785.6887363855,105929.0512627296,54843867967.5,2105569011167.09,0.7067652216011827,14.0,35.0,3380.899902,6045.259766,21913.32031
32,2025-06-13,2781,105924.5905607751,106182.5459776617,102822.0258041497,106090.9663946604,69550440845.69,2109216518327.68,0.0,22.0,35.0,3431.199951,5976.970215,21631.03906
31,2025-06-14,2781,106108.0852363253,106203.7560198122,104379.3652320161,105472.4086528859,38007870452.64,2096430090986.37,-0.0142898568616548,47.0,35.0,3431.199951,5976.970215,21631.03906
30,2025-06-15,2781,105464.8400737681,106157.0983542815,104519.8801972826,105552.026954677,36744307741.93,2098234075783.26,-0.0196494255735863,71.0,32.0,3431.199951,5976.970215,21631.03906
29,2025-06-16,2781,105555.5929058888,108915.3756027871,104997.6212495874,106796.7571986886,50366626944.57,2122853535351.76,-0.0107157771194822,62.0,32.0,3396.399902,6033.109863,21937.57031
28,2025-06-17,2781,106794.1209051091,107750.1941239939,103396.5280482188,104601.1168292626,55964092175.52,2079279920319.98,-0.1148426683203688,37.0,32.0,3386.600098,5982.720215,21719.08008
27,2025-06-18,2781,104602.0686346703,105581.8531131804,103602.2618360189,104883.3269261613,47318089133.08,2085154632114.4,-0.3392036142841421,20.0,32.0,3389.800049,5980.870117,21719.68945
26,2025-06-19,2781,104886.7743015772,105250.8922654193,103940.7751831629,104684.2859524538,37333806919.54,2081173353267.23,0.0131796204942515,48.0,32.0,3389.800049,5980.870117,21719.68945
25,2025-06-20,2781,104681.0330431643,106539.3839084926,102372.2110017634,103309.6041245223,50951862476.19,2054066111075.51,-0.3564225438074256,49.0,32.0,3368.100098,5967.839844,21626.39063
24,2025-06-21,2781,103315.0806380194,104015.780111655,100973.0641889568,102257.4086896794,38360555117.77,2032178962104.98,0.2407708168029785,2.0,32.0,3368.100098,5967.839844,21626.39063
23,2025-06-22,2781,102212.0348852842,103351.6304109104,98286.2059304254,100987.1395190547,65536997200.85,2007868285979.24,-0.4148769685200282,15.0,37.0,3368.100098,5967.839844,21626.39063
22,2025-06-23,2781,100987.4731095285,106116.8623483601,99705.747002114,105577.7720315477,65237759656.41,2099045443832.7,0.1726458933442197,33.0,37.0,3377.699951,6025.169922,21856.33008
21,2025-06-24,2781,105571.5177648119,106316.8285778167,104740.2420956876,106045.6320954752,48822986421.13,2108544440918.06,0.0,6.0,37.0,3317.399902,6092.180176,22190.51953
20,2025-06-25,2781,106047.4031667322,108168.4002753518,105881.3893636784,107361.260804055,51624120283.34,2134992217054.6,-0.0392027837161929,39.0,37.0,3327.100098,6092.160156,22237.74023
19,2025-06-26,2781,107375.0706392033,108305.543038463,106666.3497715369,106960.0032689962,43891990612.71,2126689663377.11,-0.2116743986008098,15.0,37.0,3333.5,6141.02002,22447.28906
18,2025-06-27,2781,106954.9233313544,107772.4715121679,106449.9941431739,107088.4302288312,45353692674.51,2129424241709.23,0.1526700975644241,41.0,37.0,3273.699951,6173.069824,22534.19922
17,2025-06-28,2781,107090.5488566638,107567.8815771331,106883.9732809725,107327.7031808139,30037708334.64,2134192283383.46,-0.0024360702607664,40.0,37.0,3273.699951,6173.069824,22534.19922
16,2025-06-29,2781,107327.8224263488,108526.3070408953,107230.1105251328,108385.5700884473,35534874438.25,2155239518940.18,0.3768586346710896,35.0,32.0,3273.699951,6173.069824,22534.19922
15,2025-06-30,2781,108383.4411795601,108798.7919147742,106759.6503268975,107135.3345105601,42064804589.76,2130649407200.56,-0.0558733639443332,23.0,32.0,3294.399902,6204.950195,22679.00977
14,2025-07-01,2781,107144.3826437445,107550.6786944617,105270.2266043534,105698.2781440006,44110692246.89,2102033618558.69,-0.7666330154125507,10.0,32.0,3336.699951,6198.009766,22478.13086
13,2025-07-02,2781,105703.0998551802,109763.6535179963,105157.39559599,108859.3238682359,56248657736.96,2164564307569.28,-0.0907180280059425,41.0,32.0,3348.0,6227.419922,22641.89063
12,2025-07-03,2781,108845.0128550604,110541.4615672827,108605.7956428519,109647.97877391,50494742269.78,2180339952810.43,-0.0803458063460108,22.0,32.0,3331.600098,6279.350098,22866.9707
11,2025-07-04,2781,109635.6551974521,109751.9874559142,107296.3800299472,108034.3390499008,42616442655.9,2148181204989.38,-0.0001114609984859,34.0,32.0,3332.5,6279.350098,22866.9707
10,2025-07-05,2781,108015.8392263224,108381.3401614263,107842.275057062,108231.1819901941,30615537519.57,2152514555350.06,0.4441759532530978,27.0,32.0,3332.5,6279.350098,22866.9707
9,2025-07-06,2781,108231.1838329827,109731.6259445986,107847.0171588084,109232.0697345571,36746020463.25,2172541130547.62,0.0005537631414813,51.0,45.0,3332.5,6279.350098,22866.9707
8,2025-07-07,2781,109235.3279895239,109710.249827483,107527.0572095148,108299.851087593,45415696597.48,2153955280582.39,-0.3160639182622388,22.0,45.0,3332.199951,6229.97998,22685.57031
7,2025-07-08,2781,108298.2289745801,109198.9716164064,107499.5564675773,108950.2755431898,44282204126.95,2166970209725.65,0.024496132929482,73.0,45.0,3307.0,6225.52002,22702.25
6,2025-07-09,2781,108950.2755431898,111925.3769468279,108357.6820315167,111326.5512690552,57927418064.83,2214343274520.85,0.048492351770401,21.0,45.0,3311.600098,6263.259766,22864.91016
5,2025-07-10,2781,111329.1959809476,116608.7846761286,110660.749453081,115987.206196845,95911605727.89,2307032090295.36,0.5254581022633521,75.0,45.0,3317.399902,6280.459961,22829.25977
4,2025-07-11,2781,115986.2347970836,118856.4737392894,115245.6863485712,117516.9936684245,86928361084.93,2337810344520.96,0.1781562097833999,84.0,45.0,3356.0,6259.75,22780.59961
3,2025-07-12,2781,117530.7128957262,118219.9000427407,116977.0236976189,117435.2300531511,45524560304.01,2335905558930.53,-0.5398312801793856,91.0,45.0,3356.0,6259.75,22780.59961
2,2025-07-13,2781,117432.2008458641,119449.5719060133,117265.4378645473,119116.1175492467,49021091807.15,2369444812889.26,-0.4362950132801306,76.0,53.0,3356.0,6259.75,22780.59961
1,2025-07-14,2781,119115.7875096413,123091.612801368,118959.1967856346,119849.7057203147,181746419401.06,2384182852789.83,-0.1573483047840735,138.0,53.0,3351.5,6268.560059,22855.63086
0,2025-07-15,2781,119853.8484758277,119935.5604084972,115765.6867265961,117777.1889947756,98321661180.6,2342931256280.44,-0.2120007236311041,46.0,53.0,3329.800049,6243.759766,22884.58984
