,date,name,open,high,low,close,volume,marketCap,daily_weighted_sentiment,comment_volume,ETH_trends,gold_spot,gspc_spot,ndx_spot
364,2024-07-16,2781,3486.1440726541,3498.2190530127,3351.7796827994,3443.5135017873,20446664416.01,413977750802.78,0.0309125930070877,17.0,57.0,2462.399902,5667.200195,20398.61914
363,2024-07-17,2781,3446.7367187773,3516.1042095161,3379.0995251717,3388.7523731072,16739123961.79,407399937896.91,0.0309125930070877,17.0,57.0,2454.800049,5588.27002,19799.14063
362,2024-07-18,2781,3388.0300676492,3488.7156547891,3374.9904298984,3426.2585906447,15035622003.12,411914155211.69,0.0891047949376313,45.0,57.0,2451.800049,5544.589844,19705.08984
361,2024-07-19,2781,3425.9088098776,3540.5883464158,3377.8775749769,3505.7348409679,17705629736.48,421472486025.11,0.016568647097733,33.0,57.0,2395.5,5505.0,19522.61914
360,2024-07-20,2781,3505.7213360654,3539.9042918012,3482.4889083192,3519.2953440842,10360198324.58,423126701294.68,0.0,32.0,57.0,2395.5,5505.0,19522.61914
359,2024-07-21,2781,3519.4265569212,3546.6192375618,3415.4437889975,3536.6054396998,13845913681.14,425202725801.31,0.0,3.0,65.0,2395.5,5505.0,19522.61914
358,2024-07-22,2781,3536.6271724925,3560.0755054452,3425.795746783,3440.419892469,18723199034.02,413677789549.03,0.1707642692372314,43.0,65.0,2392.0,5564.410156,19822.86914
357,2024-07-23,2781,3440.7684203307,3539.5317352124,3395.4208923331,3481.9959539767,24468405649.9,418653262700.26,0.4445701241493225,61.0,65.0,2404.600098,5555.740234,19754.33984
356,2024-07-24,2781,3482.1519592285,3487.6530567973,3304.0392131954,3336.3394237401,16040945448.27,401125218715.64,-0.2765930471264927,33.0,65.0,2413.300049,5427.129883,19032.39063
355,2024-07-25,2781,3336.3623090803,3341.438455905,3088.7644900984,3174.4273153636,25293745810.03,381610809754.16,-0.3018103022101923,53.0,65.0,2351.899902,5399.220215,18830.58008
354,2024-07-26,2781,3174.0510518836,3285.7609302,3172.777172982,3275.9514243808,15993893520.76,393854940397.2,-0.2111452878276004,18.0,65.0,2380.0,5459.100098,19023.66016
353,2024-07-27,2781,3275.8917093114,3327.4264943168,3195.3567382203,3247.6079817268,15198233287.39,390442331336.25,-0.0431877372449614,49.0,65.0,2380.0,5459.100098,19023.66016
352,2024-07-28,2781,3247.5073053514,3283.1521424448,3201.7632936184,3271.4646364709,8959236445.64,393322680889.11,0.0111309649167713,68.0,53.0,2380.0,5459.100098,19023.66016
351,2024-07-29,2781,3271.4534640628,3396.6257551377,3257.7156147045,3320.5392099336,18334852719.12,399234373762.25,0.0502022731871832,32.0,53.0,2377.300049,5463.540039,19059.49023
350,2024-07-30,2781,3320.6351906134,3365.322564389,3235.7599682135,3278.6677928161,14045773046.54,394254431325.22,0.2175070919016356,18.0,53.0,2405.0,5436.439941,18796.26953
349,2024-07-31,2781,3278.6865959865,3347.636589634,3216.0717065546,3231.2957066884,16135380636.88,388556036409.16,0.9354939460754396,1.0,53.0,2426.5,5522.299805,19362.42969
348,2024-08-01,2781,3231.2486664288,3241.7773266787,3078.5438775352,3201.5644469308,20217639555.82,384996532526.49,-0.0027353131323544,78.0,53.0,2435.0,5446.680176,18890.39063
347,2024-08-02,2781,3201.5993832297,3214.5270618206,2965.7339587821,2986.0131528012,21400241740.62,359070017357.43,0.0,2.0,53.0,2425.699951,5346.560059,18440.84961
346,2024-08-03,2781,2985.9508786552,3015.2960515087,2861.1775540643,2903.3857025544,17844091430.83,349111435213.51,-0.253531987738654,41.0,53.0,2425.699951,5346.560059,18440.84961
345,2024-08-04,2781,2903.0886317454,2931.4717513415,2639.5667259006,2686.3988610452,21139601426.46,323015051181.3,-0.2967466966066406,44.0,72.0,2425.699951,5346.560059,18440.84961
344,2024-08-05,2781,2686.0274982721,2695.8866563884,2122.546236037,2417.2061842115,67668132244.38,290699928288.88,-0.0252646948840167,20.0,72.0,2401.699951,5186.330078,17895.16016
343,2024-08-06,2781,2417.2697476943,2553.5810788175,2416.5270085411,2458.7238702336,26041995920.95,295710571803.94,0.0934500400478958,31.0,72.0,2389.100098,5240.029785,18077.91992
342,2024-08-07,2781,2458.9889062336,2551.5606857856,2312.1686925901,2336.5893752638,24264218606.01,281035367280.92,0.1279704056002877,48.0,72.0,2390.5,5199.5,17867.36914
341,2024-08-08,2781,2336.9149691098,2721.9544984356,2322.5294984722,2683.3527980054,23468291179.77,322747478331.43,0.0978821977299062,48.0,72.0,2422.199951,5319.310059,18413.82031
340,2024-08-09,2781,2683.7199975895,2706.4512351189,2555.2295289744,2599.5985844241,17907141655.34,312634093214.01,0.0,16.0,72.0,2432.100098,5344.160156,18513.09961
339,2024-08-10,2781,2599.582241381,2642.9257287795,2580.6619371006,2610.0228477264,9361014219.03,313889029960.15,0.0349256835485759,48.0,72.0,2432.100098,5344.160156,18513.09961
338,2024-08-11,2781,2609.969703158,2718.7977251425,2544.1747723958,2553.252240415,13595441987.08,307103536125.21,0.1366879605251652,50.0,49.0,2432.100098,5344.160156,18513.09961
337,2024-08-12,2781,2553.4966053215,2749.1350088668,2513.3941625541,2724.4318594324,21653090666.23,327652739570.78,-0.0793021289365632,16.0,49.0,2462.399902,5344.390137,18542.0293
336,2024-08-13,2781,2724.3035068548,2737.990371482,2613.8013492687,2703.6718464697,16383053029.1,325166936403.58,-0.0599784976687313,32.0,49.0,2466.699951,5434.430176,19006.42969
335,2024-08-14,2781,2703.5868642656,2775.2809657522,2636.7052340878,2662.914790813,15825365408.17,320277951636.44,-0.1608698756195778,15.0,49.0,2439.399902,5455.209961,19022.67969
334,2024-08-15,2781,2662.8854050633,2675.3144750112,2518.6705500515,2570.0877300656,16345801911.57,309122231394.02,-0.0799139571817297,17.0,49.0,2453.100098,5543.220215,19490.15039
333,2024-08-16,2781,2570.0851197001,2629.3836626679,2553.0714963643,2593.186442814,13275561554.78,311904037570.2,-0.4933338303690992,18.0,49.0,2498.600098,5554.25,19508.51953
332,2024-08-17,2781,2593.1669870287,2626.6729547521,2588.7850898842,2614.5467678717,6676568717.06,314429221530.5,-0.0921590835531166,50.0,49.0,2498.600098,5554.25,19508.51953
331,2024-08-18,2781,2614.1095010624,2684.0311033164,2596.7350013654,2613.3571785326,9207267414.64,314268369391.92,-0.6200707292468948,29.0,47.0,2498.600098,5554.25,19508.51953
330,2024-08-19,2781,2612.7185097561,2648.2844776645,2566.4012223473,2637.3062899278,11968963281.7,317232374214.24,-0.0397711152091939,18.0,47.0,2501.800049,5608.25,19766.49023
329,2024-08-20,2781,2637.3062943876,2695.9136995581,2556.7476402304,2573.1068581158,13249483464.46,309516554435.49,-0.0397711152091939,18.0,47.0,2511.300049,5597.120117,19719.82031
328,2024-08-21,2781,2573.1089739409,2662.953488548,2538.6577920946,2631.3956043099,12766015262.73,316470263993.24,-0.0397711152091939,18.0,47.0,2508.399902,5620.850098,19824.83984
327,2024-08-22,2781,2630.8642496488,2644.8237233332,2587.1106750821,2622.9513546562,10723280428.12,315520205747.53,0.4536297571886876,16.0,47.0,2478.899902,5570.640137,19491.83984
326,2024-08-23,2781,2622.9160716774,2799.3298565315,2622.5810537487,2764.4471033,16857181969.5,332676763518.28,-0.1516771889649904,16.0,47.0,2508.399902,5634.609863,19720.86914
325,2024-08-24,2781,2765.4815671814,2820.0205615881,2737.7766676404,2769.3897324903,11765811306.84,333118290545.8,-0.0299478210508823,20.0,47.0,2508.399902,5634.609863,19720.86914
324,2024-08-25,2781,2769.0982451445,2793.0129853608,2736.0889406765,2749.1576670875,9375535538.7,330719150375.36,0.4186335126910589,18.0,47.0,2508.399902,5634.609863,19720.86914
323,2024-08-26,2781,2749.2475733083,2763.0041773069,2668.8866690067,2681.3405143605,12282035835.37,322596873460.23,-0.0984106603739918,31.0,47.0,2517.699951,5616.839844,19516.43945
322,2024-08-27,2781,2681.6228547795,2700.1527938882,2401.1750014042,2458.7264730716,18028996055.96,295803564692.22,-0.0984106603739918,31.0,47.0,2516.0,5625.799805,19581.51953
321,2024-08-28,2781,2458.9047288803,2553.8201332909,2422.2936310955,2528.415504044,20359545410.33,304158734370.84,0.0,15.0,47.0,2501.0,5592.180176,19350.7793
320,2024-08-29,2781,2528.3623390872,2595.9769498275,2507.5024610214,2528.7927147052,13946434276.5,304202758609.92,0.0,16.0,47.0,2525.699951,5591.959961,19325.44922
319,2024-08-30,2781,2528.7321381206,2539.9151740611,2432.8343661359,2525.8219191284,15526218254.52,303858523925.25,0.0,13.0,47.0,2493.800049,5648.399902,19574.64063
318,2024-08-31,2781,2525.8591403614,2532.389995385,2493.7056314647,2513.3937400971,6646876012.61,302373399429.12,0.0,2.0,47.0,2493.800049,5648.399902,19574.64063
317,2024-09-01,2781,2513.4242867901,2515.4673743873,2401.8891952349,2427.9022806575,11800443264.94,292099196088.96,0.0,3.0,48.0,2493.800049,5648.399902,19574.64063
316,2024-09-02,2781,2427.9733430705,2563.085947551,2426.0958264474,2538.1873755956,12520444223.77,305361719446.47,-0.0786773491825282,31.0,48.0,2493.800049,5648.399902,19574.64063
315,2024-09-03,2781,2538.1605696975,2552.8027059964,2419.8753405981,2420.603643795,11406800196.88,291174415480.53,-0.0824272524226795,18.0,48.0,2489.899902,5528.930176,18958.74023
314,2024-09-04,2781,2420.1923594609,2488.9165297931,2313.2650229482,2448.976963363,16709600746.79,294644654909.23,0.2840609118577858,47.0,48.0,2493.399902,5520.069824,18921.40039
313,2024-09-05,2781,2448.9867379635,2465.3851633709,2348.8632710269,2367.7375740886,13632325040.12,284870243828.82,-0.3984652932484944,16.0,48.0,2511.399902,5503.410156,18930.33008
312,2024-09-06,2781,2367.7010305058,2406.5120446707,2150.8632293618,2223.8765008293,25825618366.79,267576898297.89,-0.3984652932484944,16.0,48.0,2493.5,5408.419922,18421.31055
311,2024-09-07,2781,2223.9292456336,2310.1947491752,2222.1007358362,2274.1070647398,11124608320.4,273658227912.59,-0.0774974858406746,15.0,48.0,2493.5,5408.419922,18421.31055
310,2024-09-08,2781,2274.4376354304,2332.3594061001,2243.9113931825,2297.2928618416,10718443486.76,276486164481.31,-0.0545165839545223,17.0,43.0,2493.5,5408.419922,18421.31055
309,2024-09-09,2781,2297.8962878887,2379.7867036116,2274.1155213156,2358.4821965753,15887712451.2,283783703882.03,0.0,6.0,43.0,2501.800049,5471.049805,18660.7793
308,2024-09-10,2781,2358.4977080116,2398.503909515,2323.0717691421,2389.5809379648,12795818970.29,287531625423.98,0.0090760517120361,26.0,43.0,2512.300049,5495.52002,18829.14063
307,2024-09-11,2781,2389.6038528513,2389.7183834395,2279.0537511266,2339.84156536,15355180967.19,281548693602.93,0.2832933897557466,20.0,43.0,2512.100098,5554.129883,19237.30078
306,2024-09-12,2781,2339.8408147856,2390.1867007685,2316.1576268292,2361.7816231563,12162634681.3,284189180243.76,0.2423002621706794,29.0,43.0,2551.199951,5595.759766,19423.07031
305,2024-09-13,2781,2361.7410241818,2462.8029995518,2338.1441124662,2441.6072730055,13759640866.1,293801862057.66,0.0,4.0,43.0,2581.300049,5626.02002,19514.58984
304,2024-09-14,2781,2441.5809238642,2442.632199335,2386.9797754364,2418.5957742924,8170291679.8,291001727426.87,0.0,2.0,43.0,2581.300049,5626.02002,19514.58984
303,2024-09-15,2781,2418.2660079428,2430.383358679,2286.6282912242,2320.8972417266,10155470375.43,279290338598.1,-0.0346117110457271,28.0,45.0,2581.300049,5626.02002,19514.58984
302,2024-09-16,2781,2320.8944391009,2334.7897195354,2253.7149932498,2295.2837746294,16819033263.42,276213887591.09,-0.1739806145140268,16.0,45.0,2580.399902,5633.089844,19423.06055
301,2024-09-17,2781,2295.2845221506,2392.1490836221,2263.7929198287,2341.7077628551,15356783862.9,281807747406.62,-0.2526956180046344,6.0,45.0,2564.300049,5634.580078,19432.40039
300,2024-09-18,2781,2341.732903736,2369.7290255543,2278.6644501631,2369.7290255543,18159056421.8,285138320250.7,-0.0315209517785168,29.0,45.0,2570.699951,5618.259766,19344.49023
299,2024-09-19,2781,2369.3747703527,2492.2045247855,2369.3747703527,2464.7521329287,18437147348.52,296624388490.69,0.2954761631348553,20.0,45.0,2588.0,5713.640137,19839.83008
298,2024-09-20,2781,2464.7823040751,2571.992554316,2439.3780413122,2561.072001704,19112788620.13,308191436978.27,0.0009558306691425,49.0,45.0,2619.899902,5702.549805,19791.49023
297,2024-09-21,2781,2560.8795354746,2621.6224709641,2530.837995662,2615.8571459406,10797825021.27,314809435334.52,-0.004085420108423,27.0,45.0,2619.899902,5702.549805,19791.49023
296,2024-09-22,2781,2615.8481007478,2632.0393358744,2528.52219639,2582.8624763883,13180663010.53,310832153859.66,-0.3264163136482239,2.0,47.0,2619.899902,5702.549805,19791.49023
295,2024-09-23,2781,2582.7748253658,2701.6777912859,2541.9102931292,2648.5464300632,19912841455.92,318744104768.48,0.0046197219181998,63.0,47.0,2626.5,5718.569824,19852.19922
294,2024-09-24,2781,2648.4822261637,2671.2758556519,2593.1521738987,2654.3549330008,16658812502.52,319484820966.74,-0.014056926167856,90.0,47.0,2651.199951,5732.930176,19944.83984
293,2024-09-25,2781,2654.3615838667,2672.461793629,2557.7243453866,2579.3885693151,14119729961.63,310440844167.57,0.6231938530417049,3.0,47.0,2659.199951,5722.259766,19972.60938
292,2024-09-26,2781,2579.2174920971,2665.9926560753,2559.9542421043,2632.1999118007,17336033594.71,316823949793.58,0.0175205119278119,20.0,47.0,2669.899902,5745.370117,20115.53906
291,2024-09-27,2781,2632.2420499386,2728.0677337785,2616.9509381378,2695.9005963054,17023020294.14,324477045651.5,0.0175205119278119,20.0,47.0,2644.300049,5738.169922,20008.61914
290,2024-09-28,2781,2695.8158683926,2704.9288248233,2652.2504068191,2677.5391024938,10252590558.91,322290984555.94,0.0175205119278119,20.0,47.0,2644.300049,5738.169922,20008.61914
289,2024-09-29,2781,2677.6285703543,2683.4457331945,2635.5850675801,2659.3468478149,11126215670.66,320089038647.8,0.4932064952648214,30.0,42.0,2644.300049,5738.169922,20008.61914
288,2024-09-30,2781,2659.292706743,2662.4890256281,2576.9761665531,2603.0626884402,17826446788.58,313325363290.4,-0.4159494080442063,17.0,42.0,2636.100098,5762.47998,20060.68945
287,2024-10-01,2781,2603.2642632164,2657.6154844561,2415.0786957152,2448.9211886564,25482371784.59,294770064372.22,0.0,16.0,42.0,2667.300049,5708.75,19773.30078
286,2024-10-02,2781,2448.8772349748,2498.1213981869,2354.5392654594,2365.2317288844,20148256471.74,284700884242.95,0.0,16.0,42.0,2647.100098,5709.540039,19802.58984
285,2024-10-03,2781,2365.2136356441,2402.8624712735,2311.02794283,2349.7911912798,18051447791.36,282840905202.61,0.0,16.0,42.0,2657.100098,5699.939941,19793.33984
284,2024-10-04,2781,2349.7328747479,2440.2423164811,2339.8708421254,2414.7939387071,14879264082.24,290683343156.41,0.0,16.0,42.0,2645.800049,5751.069824,20035.01953
283,2024-10-05,2781,2414.8472449781,2427.5175001729,2390.8445148696,2415.6318483541,8152969183.08,290770219457.2,0.0,16.0,42.0,2645.800049,5751.069824,20035.01953
282,2024-10-06,2781,2415.5316279425,2456.6306849146,2407.0994867432,2439.9578014551,8458690205.43,293714066018.34,0.0,16.0,41.0,2645.800049,5751.069824,20035.01953
281,2024-10-07,2781,2439.9447200133,2520.4062916278,2405.134390679,2421.7967510959,17414044415.67,291555915035.43,0.0,10.0,41.0,2644.800049,5695.939941,19800.74023
280,2024-10-08,2781,2421.9809166899,2464.1273969729,2400.5108495443,2439.8409399284,14067361080.08,293706777045.99,-0.0190538341079015,38.0,41.0,2615.0,5751.129883,20107.7793
279,2024-10-09,2781,2439.8400502907,2470.9131306844,2350.94656833,2368.2835389024,14954047093.24,285092687991.39,-0.0190538341079015,38.0,41.0,2606.0,5792.040039,20268.85938
278,2024-10-10,2781,2368.2731115731,2417.2882084972,2329.7847354486,2383.8578440878,15327769939.94,286979463824.44,-0.0190538341079015,38.0,41.0,2620.600098,5780.049805,20241.75977
277,2024-10-11,2781,2383.9400977886,2470.395766147,2380.5045941708,2436.5134816704,13489061564.18,293311812571.93,0.4264419398137501,16.0,41.0,2657.600098,5815.029785,20271.9707
276,2024-10-12,2781,2436.5156703051,2488.2377132355,2434.2029396403,2476.5231023831,9372169184.29,298128956187.08,-0.3841462123778558,15.0,41.0,2657.600098,5815.029785,20271.9707
275,2024-10-13,2781,2476.5203273219,2484.1294447571,2436.9696173085,2467.6769628969,9189490605.0,297063838454.29,-0.3841462123778558,15.0,42.0,2657.600098,5815.029785,20271.9707
274,2024-10-14,2781,2467.6474313979,2652.8817453672,2443.5529174965,2628.8998971244,21434687898.33,316494185326.93,-0.0550093382222434,30.0,42.0,2647.800049,5859.850098,20439.05078
273,2024-10-15,2781,2629.0175720004,2685.1667611805,2537.9410329462,2606.02186875,22003780897.77,313726776301.04,0.2681557536125183,21.0,42.0,2661.399902,5815.259766,20159.83008
272,2024-10-16,2781,2606.0195226844,2644.8542423975,2589.6068255401,2611.1020157232,17012396419.08,314351487270.67,-0.0287367568974394,16.0,42.0,2674.0,5842.470215,20174.05078
271,2024-10-17,2781,2611.1920375727,2646.8740183401,2577.3060217227,2604.2734748503,15150712320.87,313586736922.14,-0.0287367568974394,16.0,42.0,2691.0,5841.470215,20190.41992
270,2024-10-18,2781,2604.8144068044,2674.3717759163,2595.9589308784,2641.5522859586,17043738651.75,318003484108.08,-0.0287367568974394,16.0,42.0,2713.699951,5864.669922,20324.03906
269,2024-10-19,2781,2641.4882327401,2661.872732448,2631.6570993484,2648.6568927929,8557834552.93,318866879265.93,-0.313389408091704,16.0,42.0,2713.699951,5864.669922,20324.03906
268,2024-10-20,2781,2648.6656691776,2756.4367713382,2635.9458754274,2746.3639932057,14559296241.72,330626349790.61,0.4684126237948576,25.0,41.0,2713.699951,5864.669922,20324.03906
267,2024-10-21,2781,2746.3057102064,2765.5496235458,2655.2945080624,2665.7120469235,17328615363.41,320921385864.17,0.0,4.0,41.0,2723.100098,5853.97998,20361.4707
266,2024-10-22,2781,2665.6567539956,2669.7901535752,2605.6186916254,2620.1975773667,15541911074.4,315453342196.71,0.0,1.0,41.0,2744.199951,5851.200195,20390.46094
265,2024-10-23,2781,2620.0886610189,2624.4503690539,2457.1699746625,2509.0987847857,17876984551.04,302085664355.14,0.0,1.0,41.0,2714.399902,5797.419922,20066.96094
264,2024-10-24,2781,2523.6068343113,2559.1513554456,2506.7228925708,2534.4986484849,16128627601.19,305137760029.45,0.0,1.0,41.0,2734.899902,5809.859863,20232.86914
263,2024-10-25,2781,2534.4548116328,2563.7340241729,2381.4507148571,2435.933985809,22560233078.41,293518382118.52,-0.2181799540648589,17.0,41.0,2740.899902,5808.120117,20352.01953
262,2024-10-26,2781,2436.049942212,2503.2303974218,2427.4613090823,2479.6032088937,13597102184.02,298582572244.1,0.0329241838626209,16.0,41.0,2740.899902,5808.120117,20352.01953
261,2024-10-27,2781,2479.9371199692,2523.1713378215,2462.2719378473,2505.9406635993,9801434565.59,301718318124.05,0.2843907849286587,14.0,48.0,2740.899902,5808.120117,20352.01953
260,2024-10-28,2781,2505.590509344,2587.4301416977,2470.2683395942,2565.348032837,18971841402.4,308910133818.98,0.0,18.0,48.0,2742.899902,5823.52002,20351.07031
259,2024-10-29,2781,2565.4178485445,2680.0545304632,2560.1538265,2637.9575809217,22185845094.5,317584552994.5,0.0,18.0,48.0,2768.399902,5832.919922,20550.65039
258,2024-10-30,2781,2637.6401079489,2720.2714362284,2600.6096572045,2657.3725569813,22382690746.47,319945168855.15,0.009633303312903,16.0,48.0,2788.5,5813.669922,20387.69922
257,2024-10-31,2781,2657.2132100778,2667.5594816535,2501.5723457194,2515.7992216016,19760409505.25,302929791025.99,0.009633303312903,16.0,48.0,2738.300049,5705.450195,19890.41992
256,2024-11-01,2781,2515.8702640669,2583.7771451103,2467.8193230813,2511.8855479732,20215438327.89,302492946793.14,0.009633303312903,16.0,48.0,2738.600098,5728.799805,20033.14063
255,2024-11-02,2781,2512.2082038373,2522.3605828229,2471.9555451679,2491.0685912815,9639457439.24,299954702149.0,0.009633303312903,16.0,48.0,2738.600098,5728.799805,20033.14063
254,2024-11-03,2781,2491.0943673784,2495.4365628974,2411.3983237824,2456.4251725634,15667779705.57,295745463222.83,0.009633303312903,16.0,67.0,2738.600098,5728.799805,20033.14063
253,2024-11-04,2781,2456.0951882475,2488.3503928129,2359.5780299046,2397.026458485,17110200696.29,288639365529.67,0.0029845487686895,12.0,67.0,2736.100098,5712.689941,19963.59961
252,2024-11-05,2781,2397.0364205006,2478.6189302467,2380.6012748639,2422.6507300945,17894057485.17,291714903910.34,0.0,2.0,67.0,2740.300049,5782.759766,20227.46094
251,2024-11-06,2781,2422.5393860029,2743.9642326582,2421.8130583595,2724.1691663972,41887574364.09,328022073762.27,0.0,2.0,67.0,2667.600098,5929.040039,20781.33008
250,2024-11-07,2781,2724.0058384449,2918.7444858127,2701.5909321571,2895.5854943256,35352318437.59,348685832425.45,0.340836945226637,15.0,67.0,2698.399902,5973.100098,21101.57031
249,2024-11-08,2781,2895.5978094675,2983.7447713135,2889.4843938386,2962.2967416903,32303261100.85,356779686685.18,0.340836945226637,15.0,67.0,2687.5,5995.540039,21117.17969
248,2024-11-09,2781,2962.7908945422,3156.3661442997,2957.1822576014,3131.1444628132,29210133087.6,377056622939.92,0.340836945226637,15.0,67.0,2687.5,5995.540039,21117.17969
247,2024-11-10,2781,3130.7291719266,3249.913956614,3073.248690039,3191.3313560604,47418730186.93,384275074912.41,0.029130411696441,58.0,100.0,2687.5,5995.540039,21117.17969
246,2024-11-11,2781,3191.6569470349,3389.5293595573,3109.7694993181,3374.8128836903,55417771667.84,406448988243.95,0.3442866174889723,36.0,100.0,2611.199951,6001.350098,21106.58984
245,2024-11-12,2781,3375.1548706722,3444.1539951509,3211.1985553307,3246.2572583493,56686078065.75,390719959236.5,0.0,2.0,100.0,2600.0,5983.990234,21070.78906
244,2024-11-13,2781,3244.5432200787,3337.877273168,3121.6660809664,3192.5960434937,52010205682.0,384453907190.92,-0.4676908458779585,12.0,100.0,2580.800049,5985.379883,21036.16016
243,2024-11-14,2781,3192.5204126261,3240.2707853284,3032.9719511049,3058.9487687218,35743352141.2,368632337376.89,-0.3268048489674988,18.0,100.0,2568.199951,5949.169922,20896.66992
242,2024-11-15,2781,3059.526084759,3130.7038852765,3016.1441490148,3103.0404086342,32701369871.66,373674738953.77,-0.0402893501779307,13.0,100.0,2565.699951,5870.620117,20394.13086
241,2024-11-16,2781,3089.7398945639,3218.0896218805,3073.2862872586,3133.2738277678,26650658846.15,377316858272.14,0.3048394479643759,17.0,100.0,2565.699951,5870.620117,20394.13086
240,2024-11-17,2781,3133.3065969656,3160.1525814492,3039.2467181891,3075.6615116228,28348163224.27,370386258448.72,-0.0908720046706833,29.0,85.0,2565.699951,5870.620117,20394.13086
239,2024-11-18,2781,3075.7228270916,3225.1305112502,3052.4911115481,3207.8563404704,35445557613.31,386267533049.21,0.0070278733219514,20.0,85.0,2610.600098,5893.620117,20539.18945
238,2024-11-19,2781,3208.2503996211,3222.0043459424,3070.362752323,3111.3839903555,29823634431.84,374657156406.13,0.0,1.0,85.0,2627.100098,5916.97998,20684.58984
237,2024-11-20,2781,3111.1170572108,3159.9494664912,3032.6033243842,3072.1879396184,29785491216.06,369956294189.04,0.0,1.0,85.0,2648.199951,5917.109863,20667.09961
236,2024-11-21,2781,3072.0552366375,3388.5429453924,3035.8466188758,3361.0539269185,51619069348.12,404653397390.4,-0.5103204804133639,15.0,85.0,2672.100098,5948.709961,20740.7793
235,2024-11-22,2781,3360.6542356249,3428.4605135781,3262.8088826144,3331.6008755241,36775716441.96,401224717876.38,-0.0033672722046422,58.0,85.0,2709.899902,5969.339844,20776.23047
234,2024-11-23,2781,3331.6455885381,3499.3708467621,3317.6548142185,3396.2234332679,38835184688.02,409133045671.26,0.5118116948165392,6.0,85.0,2709.899902,5969.339844,20776.23047
233,2024-11-24,2781,3396.9994079033,3451.8022197523,3288.430912048,3363.6598928297,27901454184.8,405047057925.8,0.0075743224197651,23.0,80.0,2709.899902,5969.339844,20776.23047
232,2024-11-25,2781,3364.6014561404,3545.2788865761,3304.0939850256,3413.5439002968,51544793987.91,411101919290.95,0.049978618979374,80.0,80.0,2616.800049,5987.370117,20804.89063
231,2024-11-26,2781,3412.9508397174,3461.2930219499,3255.5430118377,3326.5174096597,39902959158.05,400566430408.33,0.0010294054493759,20.0,80.0,2620.300049,6021.629883,20922.90039
230,2024-11-27,2781,3326.0290807203,3687.0090251656,3303.5679910236,3657.2493022443,43383987190.82,440385217848.8,-0.1978614913656356,43.0,80.0,2639.899902,5998.740234,20744.49023
229,2024-11-28,2781,3656.6097047787,3664.878239519,3531.8707020211,3579.8114770371,32362724275.81,431151815286.66,0.0070101684153566,37.0,80.0,2639.899902,5998.740234,20744.49023
228,2024-11-29,2781,3579.9107189196,3647.2644731384,3538.4467679694,3593.494300141,27622629485.66,432805738725.22,0.0297770280587045,38.0,80.0,2657.0,6032.379883,20930.36914
227,2024-11-30,2781,3593.5982602218,3739.9347559685,3572.2540900977,3705.7052015214,30670867436.45,446423440647.99,-0.0104389673744151,23.0,80.0,2657.0,6032.379883,20930.36914
226,2024-12-01,2781,3706.619786368,3747.4552142022,3663.2340394129,3711.165095551,28018113529.8,446895881158.96,0.4688474198358249,40.0,98.0,2657.0,6032.379883,20930.36914
225,2024-12-02,2781,3710.4953435232,3761.3429430885,3557.2522505385,3644.1985794337,47284967569.82,438860633632.04,-0.0835612464924247,47.0,98.0,2634.899902,6047.149902,21164.59961
224,2024-12-03,2781,3643.7421522686,3670.2197799715,3504.2263793216,3620.7116867755,36839829741.64,436004938717.16,0.0,17.0,98.0,2644.699951,6049.879883,21229.32031
223,2024-12-04,2781,3620.0375778107,3895.1744071051,3617.7446808466,3841.3311664084,56799745752.06,462598955634.59,0.1660069811330105,32.0,98.0,2653.800049,6086.490234,21492.35938
222,2024-12-05,2781,3840.8445026121,3956.541482461,3683.4209601685,3811.0082524796,60568296605.67,459336928076.23,0.038863038004135,20.0,98.0,2626.600098,6075.109863,21425.2207
221,2024-12-06,2781,3792.2084820114,4093.1720244462,3782.6814245429,4005.8105426655,52853668565.95,482494371897.87,0.4133649905131387,35.0,98.0,2638.600098,6090.27002,21622.25
220,2024-12-07,2781,4006.0286890555,4029.4528231171,3974.1762250404,4002.6927008413,22574636760.61,482089799825.52,0.0053847746871342,52.0,98.0,2638.600098,6090.27002,21622.25
219,2024-12-08,2781,4007.6905823719,4018.0001203804,3927.8539324031,4005.7045763055,20943378971.28,482509552464.54,0.0543667213437525,59.0,84.0,2638.600098,6090.27002,21622.25
218,2024-12-09,2781,4006.1016852571,4008.7778541551,3525.2328756725,3718.6904564265,57029832059.49,447935758707.97,-0.1852638721466064,4.0,84.0,2664.899902,6052.850098,21440.82031
217,2024-12-10,2781,3719.0004768885,3780.7535212259,3520.365192653,3631.8336303022,58416417598.82,437368903366.71,0.0,31.0,84.0,2697.600098,6034.910156,21368.17969
216,2024-12-11,2781,3631.2761697041,3850.7654484998,3567.5664956564,3832.8220476388,35968053195.9,461685919219.58,-0.0020216318214831,32.0,84.0,2733.800049,6084.189941,21763.98047
215,2024-12-12,2781,3833.1720215177,3987.0058885982,3800.0907951391,3883.1015001391,42971675763.7,467692843996.45,-0.3185322713412065,17.0,84.0,2687.5,6051.25,21615.26953
214,2024-12-13,2781,3883.0301431214,3967.3951503651,3855.023599017,3911.2052321329,34895127658.57,471045270785.6,-0.3185322713412065,17.0,84.0,2656.0,6051.089844,21780.25
213,2024-12-14,2781,3910.8478009605,3943.2781932384,3826.7620258968,3868.4052222836,28756190558.96,465941733951.17,0.5487897490903296,51.0,84.0,2656.0,6051.089844,21780.25
212,2024-12-15,2781,3868.441067495,3971.4980143827,3832.0965667527,3951.9411400849,25069616984.25,475970706984.17,-0.0323977816902544,52.0,82.0,2656.0,6051.089844,21780.25
211,2024-12-16,2781,3951.6527447567,4106.9556004971,3882.7053336645,3987.4810414282,46536359669.05,480275264779.15,0.5253841375049791,14.0,82.0,2651.399902,6074.080078,22096.66016
210,2024-12-17,2781,3987.3339471829,4040.3380066691,3849.2866656205,3886.7660426368,35418700472.09,468179858814.99,-0.0502601114786116,66.0,82.0,2644.399902,6050.609863,22001.08008
209,2024-12-18,2781,3886.8870791456,3902.7156363594,3617.8404567041,3618.7913736086,48946681636.27,435986145065.32,0.0479357048459009,31.0,82.0,2636.5,5872.160156,21209.32031
208,2024-12-19,2781,3619.5819221034,3717.6623812967,3330.8726515922,3417.9278681825,58879190249.81,411699176707.71,-0.4622107441308068,19.0,82.0,2592.199951,5867.080078,21110.50977
207,2024-12-20,2781,3417.9301837478,3496.3273520853,3098.2036178716,3472.5534066558,66383827228.93,418284340600.46,-0.0409006336737469,90.0,82.0,2628.699951,5930.850098,21289.15039
206,2024-12-21,2781,3472.5890541055,3552.9215815976,3293.5057171966,3337.2224715334,31579389835.69,401953429395.28,-0.3639652854195834,66.0,82.0,2628.699951,5930.850098,21289.15039
205,2024-12-22,2781,3336.998867258,3398.6575707821,3219.2948977546,3277.535187571,24780768375.24,394793968020.03,-0.0130068784137423,16.0,58.0,2628.699951,5930.850098,21289.15039
204,2024-12-23,2781,3277.5141746011,3461.527898931,3217.3686777831,3415.7854103169,34496081389.08,411529471310.73,-0.1261471254484994,42.0,58.0,2612.300049,5974.069824,21503.16992
203,2024-12-24,2781,3415.738085911,3535.8576270973,3355.6090352451,3492.0497597155,23083678195.36,420636637647.57,0.5254945158958435,1.0,58.0,2620.0,6040.040039,21797.65039
202,2024-12-25,2781,3491.9575379833,3542.833751548,3440.0970497188,3493.2352807716,17651873224.87,420805325622.48,-0.0226275381140821,21.0,58.0,2620.0,6040.040039,21797.65039
201,2024-12-26,2781,3493.3041922207,3512.6043835272,3302.3063112783,3331.2258824951,22247726776.29,401267700708.07,0.2866572326713508,31.0,58.0,2638.800049,6037.589844,21768.31055
200,2024-12-27,2781,3331.053665099,3436.7106407988,3302.575614754,3328.9168712443,24091627402.5,400999129472.43,0.0,18.0,58.0,2617.199951,5970.839844,21473.01953
199,2024-12-28,2781,3328.7745967712,3419.9202814856,3318.0338858914,3397.902272888,14305648522.6,409328700067.08,0.61139958831809,26.0,58.0,2617.199951,5970.839844,21473.01953
198,2024-12-29,2781,3397.8626458717,3406.6485385843,3321.6647259099,3349.513340318,13440907791.52,403520330663.85,-0.3193989396095276,2.0,55.0,2617.199951,5970.839844,21473.01953
197,2024-12-30,2781,3349.5859346876,3428.5274047258,3298.8045578913,3356.3926991904,26981583962.32,404347423138.75,-0.3193989396095276,2.0,55.0,2606.100098,5906.939941,21197.08984
196,2024-12-31,2781,3356.3948050737,3444.3966344966,3311.412658042,3332.5317212232,20845452085.23,401463938534.13,0.2218574081697771,21.0,55.0,2629.199951,5881.629883,21012.16992
195,2025-01-01,2781,3332.4064147574,3366.5314942084,3310.2557667749,3353.5041743827,14195410493.37,404000591706.51,0.0590898510930058,24.0,55.0,2629.199951,5881.629883,21012.16992
194,2025-01-02,2781,3353.4120591529,3493.4481681892,3348.3520908539,3451.3926926647,22243574697.77,415841970320.37,0.0032519560409244,65.0,55.0,2658.899902,5868.549805,20975.61914
193,2025-01-03,2781,3451.6808770033,3627.0556989718,3421.831557405,3605.0096583348,21877299254.73,434338537849.75,-0.0158460787539304,50.0,55.0,2645.0,5942.470215,21326.16016
192,2025-01-04,2781,3605.2007811691,3669.1967018081,3574.326983632,3657.7066852496,16060610758.64,440664193246.25,0.0050208947612243,97.0,55.0,2645.0,5942.470215,21326.16016
191,2025-01-05,2781,3657.7430587801,3673.813081444,3594.6168939247,3634.1036630331,12830306907.97,437816515326.14,0.0625438636544219,55.0,59.0,2645.0,5942.470215,21326.16016
190,2025-01-06,2781,3634.1137836192,3743.941767051,3611.2144289023,3688.6113395,23973574043.13,444346734921.02,0.0198827192007777,16.0,59.0,2638.399902,5975.379883,21559.5
189,2025-01-07,2781,3688.3413573129,3701.1069163677,3358.0897774991,3381.5773155737,32235312545.23,407400616612.34,-0.0341732609963071,68.0,59.0,2656.699951,5909.029785,21173.03906
188,2025-01-08,2781,3381.6155298419,3413.682862577,3209.2146838422,3326.3292760284,34337730881.99,400750347872.92,0.0449195826053619,21.0,59.0,2664.5,5918.25,21180.9707
187,2025-01-09,2781,3326.359608307,3355.8622246894,3159.3840691968,3219.4307348981,28815726275.84,387883732074.99,0.0956663767310188,17.0,59.0,2683.800049,5918.25,21180.9707
186,2025-01-10,2781,3219.496658042,3320.5005471421,3196.1103062498,3267.4900400932,26503845189.53,393692820976.69,-0.3110277871181073,34.0,59.0,2708.5,5827.040039,20847.58008
185,2025-01-11,2781,3267.5225598779,3317.6541897689,3219.6988283325,3282.2177217399,11772144560.87,395461602229.57,-0.0024639309621324,31.0,59.0,2708.5,5827.040039,20847.58008
184,2025-01-12,2781,3282.1504541993,3298.0183618609,3224.5104778881,3265.9511514899,11647743556.47,393534082007.43,-0.004946106197034,44.0,63.0,2708.5,5827.040039,20847.58008
183,2025-01-13,2781,3266.0953628314,3335.1935020261,2920.5927049425,3135.4997200989,39911742769.2,377826468144.96,-0.0450289855905845,80.0,63.0,2673.5,5836.220215,20784.7207
182,2025-01-14,2781,3135.6702801681,3254.7515220954,3126.8060094801,3223.6846292978,22847737223.63,388437673735.93,-0.6190305345872154,55.0,63.0,2677.5,5842.910156,20757.41016
181,2025-01-15,2781,3223.6846886379,3473.1015449816,3186.1398329913,3450.5376123693,25991614660.71,415750919856.32,0.276998288773074,35.0,63.0,2712.5,5949.910156,21237.84961
180,2025-01-16,2781,3450.305230733,3458.180650757,3265.6758172563,3308.3452690441,26395516474.98,398632884531.63,0.023776344931805,30.0,63.0,2746.399902,5937.339844,21091.25
179,2025-01-17,2781,3308.1910716378,3525.5433592391,3307.3109709423,3474.107275649,28200207229.11,418566494049.26,-0.1101613358879276,43.0,63.0,2744.300049,5996.660156,21441.16016
178,2025-01-18,2781,3473.5637639912,3493.060140111,3228.3336912167,3305.7895906773,32420094038.2,398307983549.0,-0.0766474836402469,39.0,63.0,2744.300049,5996.660156,21441.16016
177,2025-01-19,2781,3305.3979695991,3444.2066474488,3127.6230137731,3208.9643743573,57242875398.88,386687337500.24,-0.1275731013249024,77.0,73.0,2744.300049,5996.660156,21441.16016
176,2025-01-20,2781,3208.9338275588,3444.2827459666,3147.5229798998,3278.0353650873,52383187335.91,395057207035.2,-0.062505210408436,97.0,73.0,2744.300049,5996.660156,21441.16016
175,2025-01-21,2781,3278.4361082006,3365.7781281242,3202.4925822768,3327.4062612887,32804001145.6,400934387859.02,-0.3544510835162897,84.0,73.0,2755.0,6049.240234,21566.50977
174,2025-01-22,2781,3327.2374136111,3364.7460014243,3223.3859900143,3240.2245269346,22171220980.66,390482951804.65,-0.0106455444700681,55.0,73.0,2767.600098,6086.370117,21853.0
173,2025-01-23,2781,3240.4753073635,3346.7325186278,3184.0667965696,3334.7142017869,32419520084.49,402178405888.02,-0.0228397074369978,74.0,73.0,2763.100098,6118.709961,21900.92969
172,2025-01-24,2781,3334.8083465932,3424.8998535904,3277.3231574435,3309.554998792,25578325670.73,398836213929.28,-0.0969168744507552,92.0,73.0,2777.300049,6101.240234,21774.00977
171,2025-01-25,2781,3309.7117569653,3349.2983595287,3270.2731113874,3317.2695057658,13744316078.39,399754944021.83,-0.1087899724642435,53.0,73.0,2777.300049,6101.240234,21774.00977
170,2025-01-26,2781,3317.2915898188,3359.3124804246,3233.9221508927,3236.1341830842,14471528756.78,389947457706.7,0.0474998359122021,64.0,59.0,2777.300049,6101.240234,21774.00977
169,2025-01-27,2781,3235.8552197218,3250.3965059762,3024.091649225,3178.9205191584,39412486481.55,383113389153.51,-0.3975094612952572,71.0,59.0,2737.5,6012.279785,21127.2793
168,2025-01-28,2781,3179.0869218388,3222.7374082538,3040.0923133513,3077.1126333315,20718206193.57,370740830465.15,-0.0299946270518832,53.0,59.0,2766.800049,6067.700195,21463.03906
167,2025-01-29,2781,3076.380017521,3177.9805623929,3055.1815883672,3112.998910374,22727786058.31,375160006592.26,0.0446843750680813,33.0,59.0,2769.100098,6039.310059,21411.46094
166,2025-01-30,2781,3113.2899117718,3282.9862695081,3093.1238207439,3247.7799513503,19958405782.39,391410452938.78,-0.3019478580887437,51.0,59.0,2823.0,6071.169922,21508.11914
165,2025-01-31,2781,3247.8671705984,3437.5689837467,3214.9355101578,3298.2651884844,30128115902.13,397569451843.83,0.0175322191065857,50.0,59.0,2812.5,6040.529785,21478.05078
164,2025-02-01,2781,3298.8223501537,3329.6551659404,3103.9189869704,3118.3286253641,19917507078.5,375857159372.64,-0.0485820900607409,24.0,59.0,2812.5,6040.529785,21478.05078
163,2025-02-02,2781,3118.6116927808,3161.8942509515,2755.4747161084,2868.6928684244,42060930305.44,345669689993.68,-0.054156919739585,65.0,82.0,2812.5,6040.529785,21478.05078
162,2025-02-03,2781,2868.0786325622,2919.4772778708,2159.2805472236,2884.5666311078,92453553253.49,347599890746.0,-0.1665992506497499,102.0,82.0,2833.899902,5994.569824,21297.58008
161,2025-02-04,2781,2883.8184480283,2888.249973705,2636.1657920424,2735.0512076664,48795275984.79,329660191677.39,-0.2164814766578716,135.0,82.0,2853.300049,6037.879883,21566.91992
160,2025-02-05,2781,2735.2257599192,2824.4002452398,2701.1049959141,2787.7789694742,31960764447.39,335986076952.44,-0.2221219311831361,85.0,82.0,2871.600098,6061.47998,21658.16016
159,2025-02-06,2781,2787.6586259853,2857.1419983154,2662.445884065,2688.4008590972,29500645692.02,324089046456.96,-0.0663333889722565,46.0,82.0,2856.0,6083.569824,21774.07031
158,2025-02-07,2781,2688.897410239,2798.0288447888,2564.9681842454,2622.2111776681,29526663418.39,316152808964.11,-0.2747518235697018,67.0,82.0,2867.300049,6025.990234,21491.31055
157,2025-02-08,2781,2623.0018923393,2665.4845163946,2591.7785058427,2632.308332463,17059263074.01,317313322582.68,0.0163903651061092,26.0,82.0,2867.300049,6025.990234,21491.31055
156,2025-02-09,2781,2632.5781153429,2695.2224396452,2530.4358200444,2628.7211134175,17517088275.7,316846464961.68,0.0200976327775572,49.0,55.0,2867.300049,6025.990234,21491.31055
155,2025-02-10,2781,2628.6502482734,2692.8086863671,2564.0185430528,2661.1668048351,19414208112.74,320790228234.34,-0.0037003658690188,27.0,55.0,2914.300049,6066.439941,21756.73047
154,2025-02-11,2781,2661.315754875,2724.9023095725,2565.397275361,2602.7820070465,21156550491.95,313746757408.99,-0.4081126184594226,57.0,55.0,2912.5,6068.5,21693.51953
153,2025-02-12,2781,2602.8281094306,2794.8673942088,2551.1746066302,2736.9020036463,26919387954.35,329929838676.92,-0.017015158104321,85.0,55.0,2909.0,6051.970215,21719.25977
152,2025-02-13,2781,2737.028655675,2756.4433329237,2615.6676678024,2675.9025200229,19481004624.97,322572193660.31,-0.0181428665768119,70.0,55.0,2925.899902,6115.069824,22030.71094
151,2025-02-14,2781,2675.9395139342,2790.0236747888,2666.2680202999,2726.0916324155,17732289901.14,328622196510.61,-0.0463552544815371,17.0,55.0,2883.600098,6114.629883,22114.68945
150,2025-02-15,2781,2726.074681712,2738.6811731312,2668.5316681696,2693.5597988453,10803019356.54,324709649978.64,-0.4199799322713526,63.0,55.0,2883.600098,6114.629883,22114.68945
149,2025-02-16,2781,2693.5623832114,2724.09637428,2655.2975549889,2663.3158479393,10593602116.57,321059394507.96,0.0093020614222846,47.0,61.0,2883.600098,6114.629883,22114.68945
148,2025-02-17,2781,2663.2294764262,2848.7842279959,2640.1820642565,2743.1997499049,24170425078.31,330685856663.88,-0.0052199827340932,62.0,61.0,2883.600098,6114.629883,22114.68945
147,2025-02-18,2781,2743.022951119,2754.6768040462,2606.9003104344,2669.3387495962,23004152927.66,321791711512.16,0.0205499042032994,35.0,61.0,2931.600098,6129.580078,22164.60938
146,2025-02-19,2781,2669.2133059543,2735.9176615063,2656.3756964386,2715.7709077319,15272401902.95,327400373024.63,-0.0173182045689786,44.0,61.0,2919.399902,6144.149902,22175.59961
145,2025-02-20,2781,2715.6826750023,2770.0304289613,2708.2159584491,2740.3865429063,15917259320.11,330341411616.59,-0.0440169251057798,72.0,61.0,2940.0,6117.52002,22068.06055
144,2025-02-21,2781,2740.0221610783,2842.827045024,2616.919474609,2659.6555266804,31441524620.79,320704621032.57,-0.3198287091179237,70.0,61.0,2937.600098,6013.129883,21614.08008
143,2025-02-22,2781,2660.0357886077,2797.0578254615,2653.8675001682,2764.0293093467,16403164396.91,333249074789.63,-0.0197788632921917,69.0,61.0,2937.600098,6013.129883,21614.08008
142,2025-02-23,2781,2764.0310516293,2850.6104583106,2746.7736322033,2821.3102005204,20493767269.49,340059349139.42,-0.0007671757342073,26.0,70.0,2937.600098,6013.129883,21614.08008
141,2025-02-24,2781,2820.4563582902,2839.0100874571,2478.8993296499,2513.8211930964,29127380459.41,303141769541.87,-0.0240193967874721,40.0,70.0,2947.899902,5983.25,21352.08008
140,2025-02-25,2781,2514.2110107832,2529.6690961025,2326.6321339592,2493.592433124,40044790246.26,300636306439.81,-0.2145102127020015,106.0,70.0,2904.5,5955.25,21087.25
139,2025-02-26,2781,2493.381561102,2503.4222049707,2255.0548728937,2331.4526094027,28815111322.9,281124001522.88,-0.1541012737437756,46.0,70.0,2916.800049,5956.060059,21132.91992
138,2025-02-27,2781,2331.5102477674,2378.0873196872,2230.4483376131,2305.4843934633,24286213447.07,278000492915.56,-0.0023780280586785,67.0,70.0,2883.199951,5861.569824,20550.94922
137,2025-02-28,2781,2305.560103006,2310.9492015051,2076.1698644908,2237.9052417047,35737904666.91,269852663998.37,-0.0314465679123887,81.0,70.0,2836.800049,5954.5,20884.41016
136,2025-03-01,2781,2237.9421065758,2279.8731430896,2144.0900574163,2216.6433281519,16135258238.92,267274998126.87,-0.0767360874570068,79.0,70.0,2836.800049,5954.5,20884.41016
135,2025-03-02,2781,2216.5217501798,2548.8118448763,2175.3215669952,2519.6944727218,34854193845.11,303819248389.36,-0.0767623504273697,114.0,68.0,2836.800049,5954.5,20884.41016
134,2025-03-03,2781,2519.530960837,2522.3166107566,2097.0762840734,2145.5738939222,31473561910.03,258739412558.46,-0.0498693301018341,63.0,68.0,2890.199951,5849.720215,20425.58008
133,2025-03-04,2781,2145.6529493211,2220.3585208568,1996.7675487924,2170.015168597,33935738380.02,261678925064.66,-0.5082996027390482,55.0,68.0,2909.600098,5778.149902,20352.5293
132,2025-03-05,2781,2169.9867232695,2272.7972549273,2156.0994383452,2241.9773218864,22105432726.58,270357043885.76,-0.0689356778926066,83.0,68.0,2915.300049,5842.629883,20628.46094
131,2025-03-06,2781,2241.9065602636,2319.3961490391,2177.6768972608,2202.4768379958,18509069101.5,265610155900.46,0.0364567732652292,31.0,68.0,2916.600098,5738.52002,20052.63086
130,2025-03-07,2781,2202.4981831134,2254.2325328969,2103.4727004982,2138.9874273084,22425792863.03,258054043014.14,0.0152394142824599,71.0,68.0,2904.699951,5770.200195,20201.36914
129,2025-03-08,2781,2139.7978520685,2232.3271588921,2107.7279967202,2201.5102217124,10533204814.2,265525512671.7,0.015819624899337,28.0,68.0,2904.699951,5770.200195,20201.36914
128,2025-03-09,2781,2201.7086640568,2210.3136151092,1991.1934490119,2015.5091088434,16103964993.72,243065607357.13,-0.1057228378053596,33.0,65.0,2904.699951,5770.200195,20201.36914
127,2025-03-10,2781,2015.4304177963,2150.7062873051,1812.7668746905,1861.1513909157,35005066441.55,224298082241.2,-0.3287088166769237,82.0,65.0,2891.0,5614.560059,19430.94922
126,2025-03-11,2781,1859.7776755424,1961.797777114,1760.9417913836,1919.8449490468,30898385862.7,231524778019.25,-0.2818349881458847,67.0,65.0,2912.899902,5572.069824,19376.96094
125,2025-03-12,2781,1919.6647848332,1954.5711142399,1832.0190276304,1908.9826851467,22898872950.77,230244865407.36,0.0116461268023067,54.0,65.0,2939.100098,5599.299805,19596.01953
124,2025-03-13,2781,1909.0154311269,1919.6882440931,1823.5254513829,1862.9696474371,17977225564.11,224699329991.48,-0.6326045467055806,62.0,65.0,2984.300049,5521.52002,19225.48047
123,2025-03-14,2781,1862.9979774279,1945.0914456822,1861.1059079287,1909.4675210747,12122715282.13,230316173330.62,-0.1232930721766358,44.0,65.0,2994.5,5638.939941,19704.64063
122,2025-03-15,2781,1909.5281040834,1955.2383657619,1904.9657496776,1937.3946766174,6456484590.53,233680757404.22,0.0047437613127661,68.0,65.0,2994.5,5638.939941,19704.64063
121,2025-03-16,2781,1937.3847751486,1940.4744246466,1863.4890594037,1887.4350177086,9292997637.67,227662553342.17,-0.5865073957913358,33.0,53.0,2994.5,5638.939941,19704.64063
120,2025-03-17,2781,1887.4491655955,1951.6259387436,1880.4843522,1927.0029027556,10436892087.1,232438668168.36,-0.0313567492298613,48.0,53.0,3000.0,5675.120117,19812.24023
119,2025-03-18,2781,1927.0057012509,1935.1819459255,1872.5088616552,1932.5434086744,10170844745.64,233111623995.13,-0.153505253284163,58.0,53.0,3035.100098,5614.660156,19483.35938
118,2025-03-19,2781,1932.5446028077,2068.7643992791,1928.2495156751,2057.7491339808,20065206265.54,248243868126.61,-0.0733273116390356,47.0,53.0,3035.899902,5675.290039,19736.66016
117,2025-03-20,2781,2057.9512076438,2067.4837399502,1952.2433302258,1982.0998943118,13217865781.89,239069332633.08,-0.0393568490280416,41.0,53.0,3040.0,5662.890137,19677.60938
116,2025-03-21,2781,1981.8529982473,1994.8914280445,1937.2116071852,1964.8474809995,9708125480.37,237034134233.14,0.0778770157785126,21.0,53.0,3018.199951,5667.560059,19753.9707
115,2025-03-22,2781,1964.9404662231,2005.0411318183,1964.2710195567,1980.0378088165,6117036512.34,238853856653.52,0.0778770157785126,21.0,53.0,3018.199951,5667.560059,19753.9707
114,2025-03-23,2781,1979.9836228541,2019.8893824676,1977.7092940604,2005.2992309006,7522339706.77,241963433974.49,0.0,24.0,48.0,3018.199951,5667.560059,19753.9707
113,2025-03-24,2781,2005.7183843996,2101.9834344001,1978.7638019509,2077.4790642279,14044912401.69,250756978547.17,0.0972275325312064,41.0,48.0,3013.100098,5767.569824,20180.44922
112,2025-03-25,2781,2078.5679999968,2096.5183429355,2038.6445744692,2067.7642367492,11735658914.24,249428012841.42,-0.222743590430906,59.0,48.0,3023.699951,5776.649902,20287.83008
111,2025-03-26,2781,2067.5088360044,2078.3691213124,1982.4123813089,2009.1893459796,13178523590.48,242367370302.34,-0.1269872105620764,33.0,48.0,3020.899902,5712.200195,19916.99023
110,2025-03-27,2781,2008.9406101498,2037.3961435323,1987.7177510389,2002.357436246,11593274542.56,241584672569.55,-0.0404005402818732,29.0,48.0,3060.199951,5693.310059,19798.61914
109,2025-03-28,2781,2002.4105590261,2015.4543396031,1863.0106164465,1895.5028729189,18160526497.76,228696752708.92,-0.0873416871139683,18.0,48.0,3086.5,5580.939941,19281.40039
108,2025-03-29,2781,1895.5496616399,1911.9008842639,1799.200857799,1827.3203233799,12194771784.6,220468383760.52,-0.1125918662916279,106.0,48.0,3086.5,5580.939941,19281.40039
107,2025-03-30,2781,1827.3110093867,1847.5705346317,1769.4127525521,1806.2186461858,9854857162.01,217940130328.02,-0.2655534490543141,96.0,50.0,3086.5,5580.939941,19281.40039
106,2025-03-31,2781,1806.3165007464,1852.5514409202,1778.692293073,1823.4800048352,15765030938.47,220025566439.76,-0.0766934855608626,45.0,50.0,3122.800049,5611.850098,19278.44922
105,2025-04-01,2781,1823.5623747635,1926.3030044112,1820.3503595705,1905.4914001311,15001220419.89,229914829332.44,-0.2357113115803437,85.0,50.0,3118.899902,5633.069824,19436.41992
104,2025-04-02,2781,1905.4846097142,1951.1803047187,1782.7602229877,1795.3132055131,22593742104.01,216585300525.3,-0.0140193932386765,29.0,50.0,3139.899902,5670.970215,19581.7793
103,2025-04-03,2781,1794.9760194238,1844.0711051529,1751.3808810832,1815.6372608262,16450974372.86,219079564806.56,0.0045303642695967,75.0,50.0,3097.0,5396.52002,18521.4707
102,2025-04-04,2781,1815.6098530552,1833.956836174,1760.5885995426,1815.3352305868,18061720813.64,219052157756.0,-0.0078499354989395,58.0,50.0,3012.0,5074.080078,17397.69922
101,2025-04-05,2781,1815.3450193491,1826.2985962634,1767.5135896962,1805.9732407073,6374712478.76,217925898989.34,-0.1347437011290829,89.0,50.0,3012.0,5074.080078,17397.69922
100,2025-04-06,2781,1805.9630169361,1815.574834001,1539.4380136682,1576.7280882451,22154445575.5,190293737817.24,-0.1637381418640243,70.0,66.0,3012.0,5074.080078,17397.69922
99,2025-04-07,2781,1576.9497867014,1634.0411747919,1415.3734803131,1555.2409524507,46073959046.97,187640356211.63,-0.3885798190034999,125.0,66.0,2951.300049,5062.25,17430.67969
98,2025-04-08,2781,1554.9321177056,1617.339825299,1447.6101233218,1472.553129615,21315312919.22,177707898713.34,-0.0515427894281179,68.0,66.0,2968.399902,4982.77002,17090.40039
97,2025-04-09,2781,1472.6014126378,1687.1880398805,1386.7993127909,1668.0400320881,39252195854.94,201316103262.79,-0.0026114947980302,132.0,66.0,3056.5,5456.899902,19145.06055
96,2025-04-10,2781,1668.2018424709,1669.3941751424,1474.9141400078,1522.5187737981,21379604306.72,183733303065.44,-0.106149527969002,54.0,66.0,3155.199951,5268.049805,18343.57031
95,2025-04-11,2781,1522.4729716422,1587.5385750578,1505.0019526192,1567.1498414994,14871838812.94,189129017070.86,-0.4251746863756381,47.0,66.0,3222.199951,5363.359863,18690.05078
94,2025-04-12,2781,1567.1557441535,1666.0175736076,1546.8195207785,1643.528527036,12110995012.86,198346809477.46,0.0223915618422966,23.0,66.0,3222.199951,5363.359863,18690.05078
93,2025-04-13,2781,1643.5011032957,1648.2867346548,1564.8388218276,1596.6857525708,13909890792.14,192724612962.73,0.0040866481799027,37.0,46.0,3222.199951,5363.359863,18690.05078
92,2025-04-14,2781,1596.8818489288,1689.8575457287,1596.0865089923,1622.7698983048,16518325094.07,195853377375.6,-0.0276725270590345,82.0,46.0,3204.800049,5405.970215,18796.01953
91,2025-04-15,2781,1622.7718927935,1659.8361925272,1585.2290824207,1588.6324584921,13175452875.3,191785058344.62,-0.1961828703931767,37.0,46.0,3218.699951,5396.629883,18830.23047
90,2025-04-16,2781,1589.0310150513,1610.7820977191,1540.0337718236,1578.1053743846,15339621550.62,190459123909.53,-0.05166822390402,56.0,46.0,3326.600098,5275.700195,18257.64063
89,2025-04-17,2781,1578.0142090793,1615.3068384679,1564.1957394894,1582.5483016142,11312160795.83,190992349445.83,-0.0319771817477617,18.0,46.0,3308.699951,5282.700195,18258.08984
88,2025-04-18,2781,1582.3971932118,1599.4168202893,1573.9039144175,1588.9246734554,7123507323.17,191789677051.19,0.0993348688495402,32.0,46.0,3308.699951,5282.700195,18258.08984
87,2025-04-19,2781,1588.9697809208,1629.0515194549,1585.4729851869,1612.9228087159,7168138699.95,194690106153.4,-0.2272322938817483,34.0,46.0,3308.699951,5282.700195,18258.08984
86,2025-04-20,2781,1612.9661143546,1618.4367653849,1566.6915243639,1587.5142283326,7642784468.77,191615419575.44,-0.2033106699112504,45.0,51.0,3308.699951,5282.700195,18258.08984
85,2025-04-21,2781,1587.460958383,1656.1195756454,1566.1475149166,1579.734555934,15403785610.72,190696581804.8,-0.2425814855666387,39.0,51.0,3406.199951,5158.200195,17808.30078
84,2025-04-22,2781,1579.8152141575,1773.6392019981,1542.0003234914,1757.3317029388,23747917554.97,212112642017.76,0.0111915604072825,51.0,51.0,3400.800049,5287.759766,18276.41016
83,2025-04-23,2781,1757.1965379259,1829.709977089,1746.9240125515,1796.1041889031,22904644755.89,216798232992.74,0.0127062077190786,38.0,51.0,3276.300049,5375.859863,18693.25977
82,2025-04-24,2781,1795.9794805703,1801.6914146029,1724.7407800218,1769.8316871227,15207402758.94,213667061433.64,0.0586858326117897,32.0,51.0,3332.0,5484.77002,19214.40039
81,2025-04-25,2781,1770.0036763023,1826.6960807747,1740.3318919899,1786.6344969706,17459399280.52,215678589411.23,0.1021589450680889,48.0,51.0,3282.399902,5525.209961,19432.56055
80,2025-04-26,2781,1786.5329530372,1839.3630104067,1781.4738771609,1821.8811558834,11926379866.87,219973481173.48,0.0,3.0,51.0,3282.399902,5525.209961,19432.56055
79,2025-04-27,2781,1822.1755598262,1856.443870277,1785.902085681,1792.8650336325,11321944112.9,216389226984.88,0.0,3.0,45.0,3282.399902,5525.209961,19432.56055
78,2025-04-28,2781,1792.4462035133,1827.48228733,1747.7268073738,1798.8517797249,17043640437.12,217174195788.63,0.0,13.0,45.0,3332.5,5528.75,19427.28906
77,2025-04-29,2781,1798.9121769531,1842.0331133691,1782.2812586047,1799.1756569895,14734257744.36,217214710475.9,0.022731837889176,51.0,45.0,3318.800049,5560.830078,19544.94922
76,2025-04-30,2781,1799.2090834497,1816.6899379324,1736.1429703484,1793.7753622537,14810431362.32,216595386134.01,0.1115319678243601,48.0,45.0,3305.0,5569.060059,19571.01953
75,2025-05-01,2781,1794.0410060881,1872.9395217592,1793.1511490282,1839.2215835716,15861442721.49,222048818356.08,-0.0278700237488823,46.0,45.0,3210.0,5604.140137,19786.71094
74,2025-05-02,2781,1839.174819845,1869.5300891533,1814.7304225713,1842.7078282867,13570171871.71,222476414631.85,0.034607673389908,54.0,45.0,3231.899902,5686.669922,20102.60938
73,2025-05-03,2781,1842.7181465601,1848.2468817888,1812.8156720582,1833.8397115605,8344452620.45,221381122757.04,0.1272469383839982,36.0,45.0,3231.899902,5686.669922,20102.60938
72,2025-05-04,2781,1833.6472066094,1849.9985270593,1804.4951574738,1808.5942798561,8918979887.03,218369681377.28,-0.0518102548418253,31.0,64.0,3231.899902,5686.669922,20102.60938
71,2025-05-05,2781,1808.7048999912,1832.0507257283,1783.3148204788,1819.6974998047,11389336488.74,219701148988.05,0.2196648713999996,36.0,64.0,3311.300049,5650.379883,19967.93945
70,2025-05-06,2781,1819.7339890887,1820.7965776715,1753.3154325012,1815.087467964,13206516310.18,219131770881.32,-0.0568679253568512,43.0,64.0,3411.399902,5606.910156,19791.34961
69,2025-05-07,2781,1815.0188898478,1849.6584854543,1788.6873700468,1811.6066452415,50540755038.65,218712336455.29,0.0448610061974309,24.0,64.0,3381.399902,5631.279785,19867.9707
68,2025-05-08,2781,1811.5463369158,2222.2055677641,1809.4569221941,2206.5146753165,37777245240.79,266350720974.52,0.0135958272031043,92.0,64.0,3296.600098,5663.939941,20063.56055
67,2025-05-09,2781,2206.1282390533,2486.0067281744,2186.0544918405,2345.5072621678,43766026875.04,283212131327.46,0.074021350890398,108.0,64.0,3335.399902,5659.910156,20061.44922
66,2025-05-10,2781,2345.7603858159,2597.5434737718,2320.2351186358,2582.422704863,30265913403.28,311812283815.93,0.0149349147451872,54.0,64.0,3335.399902,5659.910156,20061.44922
65,2025-05-11,2781,2582.7105445325,2603.2644633239,2441.7308316345,2510.237906047,26496368543.02,303067717659.35,0.029701283591183,49.0,66.0,3335.399902,5659.910156,20061.44922
64,2025-05-12,2781,2510.2893351913,2620.8971419475,2411.5945061584,2496.3976889157,32121858920.52,301382154979.93,0.0446039717995895,62.0,66.0,3220.0,5844.189941,20868.15039
63,2025-05-13,2781,2496.3373512576,2736.890090638,2418.3256055346,2680.129604376,33528741589.68,323585610369.77,0.1689619033985074,51.0,66.0,3240.300049,5886.549805,21197.69922
62,2025-05-14,2781,2680.2622384313,2721.9499115008,2549.6849943939,2610.063120705,26602676587.68,315104897273.59,0.1110169922999846,48.0,66.0,3181.399902,5892.580078,21319.21094
61,2025-05-15,2781,2610.0277867363,2645.0742005885,2482.2129171881,2546.8568767538,26637688883.37,307501964918.58,0.1813186910629272,61.0,66.0,3220.699951,5916.930176,21335.82031
60,2025-05-16,2781,2547.058230274,2645.6078120419,2532.0271296911,2536.2975988505,21298907762.64,306201938160.19,-0.1289593640857449,44.0,66.0,3182.0,5958.379883,21427.93945
59,2025-05-17,2781,2536.2975676582,2537.7818073053,2449.0694382488,2475.7544701497,18830706229.93,298893909612.58,0.0,9.0,66.0,3182.0,5958.379883,21427.93945
58,2025-05-18,2781,2475.769504585,2585.6969286739,2344.6682464337,2498.2335542663,25005164865.17,301674095951.83,-0.0725487242353723,46.0,61.0,3182.0,5958.379883,21427.93945
57,2025-05-19,2781,2498.8001678573,2545.4611872281,2353.4268867807,2529.1666716605,27351331811.33,305336095481.65,0.0995066492246237,31.0,61.0,3228.899902,5963.600098,21447.05078
56,2025-05-20,2781,2529.1350860407,2585.6199183951,2446.4467515707,2524.1732121799,23453322577.82,304734963121.86,0.2085063546585833,62.0,61.0,3280.300049,5940.459961,21367.36914
55,2025-05-21,2781,2524.1592029235,2614.0608794362,2454.5378171415,2552.3472007855,31952904125.33,308188192621.31,0.1776919934824602,63.0,61.0,3309.300049,5844.609863,21080.35938
54,2025-05-22,2781,2552.7667910511,2691.102323047,2546.4348209186,2664.1570470923,26596978352.2,321626120281.28,0.1014116923846499,50.0,61.0,3292.300049,5842.009766,21112.4707
53,2025-05-23,2781,2664.0820452986,2731.2208080077,2504.8735848881,2526.4419813074,30536501878.09,305001571950.0,0.0235787774686835,62.0,61.0,3363.600098,5802.819824,20915.66016
52,2025-05-24,2781,2526.38800932,2575.1312600148,2516.0181532343,2530.6462312159,11380899855.94,305544348106.31,-0.1059102319382332,17.0,61.0,3363.600098,5802.819824,20915.66016
51,2025-05-25,2781,2530.8901761275,2553.8691683707,2467.8801023772,2551.7638148435,14556431364.04,308017902682.78,0.1838441054610645,28.0,55.0,3363.600098,5802.819824,20915.66016
50,2025-05-26,2781,2551.3807643825,2598.5666553775,2530.3215699785,2564.1384181332,14936610009.42,309558187628.49,-0.0642650246620178,18.0,55.0,3363.600098,5802.819824,20915.66016
49,2025-05-27,2781,2564.1408030283,2712.2851667482,2512.5887065505,2663.0697270642,26264200535.87,321493910372.99,-0.0126310878978805,45.0,55.0,3299.100098,5921.540039,21414.99023
48,2025-05-28,2781,2663.010302828,2688.7421970566,2611.1609002178,2682.2128400301,19087366067.61,323766194607.74,0.0060912470658823,84.0,55.0,3293.600098,5888.549805,21318.16992
47,2025-05-29,2781,2681.8432967298,2784.7524673916,2620.9827839112,2632.6548758292,27567479810.57,317848679436.61,-0.1170934584383739,63.0,55.0,3317.100098,5912.169922,21363.94922
46,2025-05-30,2781,2632.8360195978,2648.2606783507,2510.1639102079,2529.9436479287,24599403942.53,305412785923.94,-0.0757284183697453,67.0,55.0,3288.899902,5911.689941,21340.99023
45,2025-05-31,2781,2529.8340800535,2550.4836539901,2484.2156155201,2529.0873780335,13992843764.89,305322676115.81,-0.1083308954628146,38.0,55.0,3288.899902,5911.689941,21340.99023
44,2025-06-01,2781,2529.0966040916,2547.7729616588,2472.5407947259,2536.2663088146,13287852481.91,306177993353.16,-0.0010831761991081,33.0,54.0,3288.899902,5911.689941,21340.99023
43,2025-06-02,2781,2536.1849280076,2615.5157003333,2477.292797788,2607.0974987606,16744168823.55,314750525763.57,0.1065193281709393,29.0,54.0,3370.600098,5935.939941,21491.75
42,2025-06-03,2781,2607.1975995931,2652.4187771318,2582.2505360076,2593.2802593803,18291179016.33,313093905738.22,0.1239263221506594,67.0,54.0,3350.199951,5970.370117,21662.58008
41,2025-06-04,2781,2593.4826542677,2677.9705464726,2585.7377151597,2608.6430329852,18621211034.52,314918757612.67,0.1302287878675593,64.0,54.0,3373.5,5970.810059,21721.91992
40,2025-06-05,2781,2608.6072565384,2640.6041075435,2395.7536908185,2416.2855921517,26194462736.91,291720663907.43,0.0059485088041679,44.0,54.0,3350.699951,5939.299805,21547.42969
39,2025-06-06,2781,2416.4549867012,2530.3918612371,2387.6087517435,2477.1948101373,19407449564.6,299050574908.76,-0.1634520644627287,37.0,54.0,3322.699951,6000.359863,21761.78906
38,2025-06-07,2781,2477.1832809676,2543.0487664147,2459.137208559,2526.5053936495,11664303387.31,304970073785.67,0.0018098325047421,45.0,54.0,3322.699951,6000.359863,21761.78906
37,2025-06-08,2781,2526.1933934895,2547.4670463726,2493.9201416849,2510.7870002709,12097170202.77,303116033270.06,-0.0019265093259363,30.0,60.0,3322.699951,6000.359863,21761.78906
36,2025-06-09,2781,2510.8380950887,2693.8065391692,2479.867906226,2681.5171951808,20605172559.53,323692699196.23,0.1070961737026602,31.0,60.0,3332.100098,6005.879883,21797.86914
35,2025-06-10,2781,2681.2853293436,2824.8080126769,2658.6771446823,2813.5174722242,35555755055.15,339682097824.21,0.0638012993817645,39.0,60.0,3320.899902,6038.810059,21941.91992
34,2025-06-11,2781,2813.7397458841,2877.6292904417,2746.4599377971,2773.5293199848,30705408053.77,334834778705.72,0.1540466139926161,94.0,60.0,3321.300049,6022.240234,21860.80078
33,2025-06-12,2781,2773.5978126125,2784.262793898,2619.9665537204,2651.7952388213,25924959612.73,320144033677.27,0.0295368893909068,55.0,60.0,3380.899902,6045.259766,21913.32031
32,2025-06-13,2781,2651.9155605939,2651.9155605939,2443.9627146036,2579.486038699,37986747138.47,311427701465.83,-0.0542547492249148,58.0,60.0,3431.199951,5976.970215,21631.03906
31,2025-06-14,2781,2579.7215143187,2580.1581535893,2491.4906818453,2533.4441915193,14285000472.85,305808836419.54,0.1964119816927806,43.0,60.0,3431.199951,5976.970215,21631.03906
30,2025-06-15,2781,2533.1832975252,2558.6776897713,2493.2045219589,2546.8371588019,13961893827.76,307504024675.85,0.0454138881668916,51.0,55.0,3431.199951,5976.970215,21631.03906
29,2025-06-16,2781,2547.226895762,2680.0875951757,2517.1452744184,2540.6050663562,22792449577.22,306669359545.91,-0.0010351840347732,42.0,55.0,3396.399902,6033.109863,21937.57031
28,2025-06-17,2781,2540.3143779615,2617.901407601,2456.6489290116,2510.7614921028,25653232897.12,303107908642.65,0.0117585245361137,96.0,55.0,3386.600098,5982.720215,21719.08008
27,2025-06-18,2781,2510.8168096452,2546.6274818193,2469.0502186679,2524.3015307665,19873957904.83,304747629140.47,0.06421834602952,43.0,55.0,3389.800049,5980.870117,21719.68945
26,2025-06-19,2781,2524.4039414787,2546.7696102561,2486.1019157219,2521.6536702769,12782730709.36,304399901342.93,-0.0499915768170312,22.0,55.0,3389.800049,5980.870117,21719.68945
25,2025-06-20,2781,2521.5263177752,2569.0145932767,2371.4744758724,2407.3042762144,22592586688.09,290615792923.24,-0.0646075472555124,53.0,55.0,3368.100098,5967.839844,21626.39063
24,2025-06-21,2781,2407.3477547466,2448.4116548944,2222.8126095218,2300.4956387858,16108791761.83,277516651119.22,-0.0623679164812654,30.0,55.0,3368.100098,5967.839844,21626.39063
23,2025-06-22,2781,2298.8426686226,2313.8529474325,2116.6814805604,2228.213144898,28458151601.48,269022834505.99,-0.1147283112947842,69.0,53.0,3368.100098,5967.839844,21626.39063
22,2025-06-23,2781,2228.4847041767,2434.2398190625,2191.4182489731,2421.8248913869,26247439428.72,292362889282.03,-0.0296928081808127,23.0,53.0,3377.699951,6025.169922,21856.33008
21,2025-06-24,2781,2421.830560694,2481.2229189284,2379.5694154056,2448.0088600947,19539047009.43,295609805733.38,0.191245115465588,62.0,53.0,3317.399902,6092.180176,22190.51953
20,2025-06-25,2781,2448.7373814525,2468.6778981074,2394.6074141098,2419.3102483686,17158118624.58,292037377354.17,-0.0420575645640065,34.0,53.0,3327.100098,6092.160156,22237.74023
19,2025-06-26,2781,2419.1548124228,2519.6198376776,2399.5339376371,2416.146699528,18300413888.04,291658126824.84,-0.0205531435151786,37.0,53.0,3333.5,6141.02002,22447.28906
18,2025-06-27,2781,2416.0230864247,2463.1546979432,2386.3249607935,2423.8668437067,15309834969.7,292611526212.54,0.0051920818878668,71.0,53.0,3273.699951,6173.069824,22534.19922
17,2025-06-28,2781,2423.9253989525,2448.1916302027,2407.7617213909,2437.1094865049,8273074809.28,294203392796.49,0.0333094062640311,26.0,53.0,3273.699951,6173.069824,22534.19922
16,2025-06-29,2781,2437.1148322922,2523.3206528394,2417.6253585354,2500.9600353849,12500580478.82,301867694928.4,0.0,16.0,48.0,3273.699951,6173.069824,22534.19922
15,2025-06-30,2781,2500.6053913406,2521.7204588282,2438.0549138166,2486.4643327619,16859727663.03,300156161035.07,-0.0428024700293711,18.0,48.0,3294.399902,6204.950195,22679.00977
14,2025-07-01,2781,2486.4284787067,2500.5919034504,2389.8158193747,2405.7928401072,15025451795.54,290429260004.66,0.0,34.0,48.0,3336.699951,6198.009766,22478.13086
13,2025-07-02,2781,2405.8575219728,2616.7836199661,2378.3935265069,2571.3354950049,22792512024.56,310339846865.39,0.0413337333042293,27.0,48.0,3348.0,6227.419922,22641.89063
12,2025-07-03,2781,2570.7965512046,2635.1921204299,2558.5825399841,2591.0072738951,20873559425.27,312759675351.8,-0.1181150400152774,52.0,48.0,3331.600098,6279.350098,22866.9707
11,2025-07-04,2781,2590.8456286363,2601.1195462643,2475.7548780196,2508.5182007331,17222740208.98,302770026673.42,-0.0649418954768877,32.0,48.0,3332.5,6279.350098,22866.9707
10,2025-07-05,2781,2508.0959398522,2529.8423612387,2489.0024262082,2517.2800211176,9289382302.08,303878452368.58,0.0,7.0,48.0,3332.5,6279.350098,22866.9707
9,2025-07-06,2781,2517.2800502273,2603.064593334,2505.3708080721,2571.2364783961,13190436110.06,310410971807.55,0.132323938033037,63.0,62.0,3332.5,6279.350098,22866.9707
8,2025-07-07,2781,2571.3952554574,2589.3249461783,2517.9035734122,2543.0132490453,18440266946.97,306979770240.64,0.1203137551035199,37.0,62.0,3332.199951,6229.97998,22685.57031
7,2025-07-08,2781,2542.9727446559,2626.6644537649,2525.4377884757,2615.5057588635,17537487205.94,315735197044.02,0.0459952500647877,50.0,62.0,3307.0,6225.52002,22702.25
6,2025-07-09,2781,2615.5057588635,2794.5186020188,2591.9469134308,2770.7776343245,27229452848.56,334473818049.21,0.0391174271135387,37.0,62.0,3311.600098,6263.259766,22864.91016
5,2025-07-10,2781,2770.7373013563,2995.1521563718,2757.266597427,2954.8452179122,33929201260.58,356696239886.78,-0.2051874096533831,42.0,62.0,3317.399902,6280.459961,22829.25977
4,2025-07-11,2781,2954.8327786052,3038.141150031,2916.9564674111,2957.8861984773,36226558862.52,357117401369.22,0.3135106393035844,113.0,62.0,3356.0,6259.75,22780.59961
3,2025-07-12,2781,2958.3337738103,2979.7799321359,2907.193557289,2942.9116629289,16317198253.87,355247159427.4,-0.0041255584750349,55.0,62.0,3356.0,6259.75,22780.59961
2,2025-07-13,2781,2942.8535792374,3016.3934648688,2938.7365409779,2973.3589886215,17361753131.37,358913143072.06,-0.129803203316805,74.0,100.0,3356.0,6259.75,22780.59961
1,2025-07-14,2781,2973.2251481336,3079.9855110516,2965.3237904037,3013.3508592513,36349290556.46,363749649349.02,0.0406244643341154,44.0,100.0,3351.5,6268.560059,22855.63086
0,2025-07-15,2781,3013.2935772868,3142.4272221797,2934.3712335532,3139.8897178037,39013656111.94,379030219975.84,-0.0658515292019567,44.0,100.0,3329.800049,6243.759766,22884.58984
