,date,name,open,high,low,close,volume,marketCap,daily_weighted_sentiment,comment_volume,XRP_trends,gold_spot,gspc_spot,ndx_spot
364,2024-07-16,2781,0.5377534297,0.59252659,0.5342838145,0.579375743,3380662320.27,32332260021.65,0.0,0.0,25.0,2462.399902,5667.200195,20398.61914
363,2024-07-17,2781,0.5793733848,0.636643537,0.5793733848,0.6264856906,3708255185.76,35026490364.62,-0.0464995787902311,8.0,25.0,2454.800049,5588.27002,19799.14063
362,2024-07-18,2781,0.6265889254,0.6359868718,0.5604321653,0.5695740245,2986711546.65,31844588597.33,-0.0464995787902311,8.0,25.0,2451.800049,5544.589844,19705.08984
361,2024-07-19,2781,0.5696075195,0.586011986,0.5426383527,0.573752339,2340175055.41,32076908610.53,-0.0070045744931256,32.0,25.0,2395.5,5505.0,19522.61914
360,2024-07-20,2781,0.5737293127,0.6037820589,0.5718316961,0.5946514381,1538358690.9,33246723441.72,-0.0070045744931256,32.0,25.0,2395.5,5505.0,19522.61914
359,2024-07-21,2781,0.5946526837,0.607188495,0.5756155629,0.5974669768,1489477304.65,33404772021.67,-0.0070045744931256,32.0,25.0,2395.5,5505.0,19522.61914
358,2024-07-22,2781,0.5974795491,0.6226631438,0.5866674331,0.6076370746,2052124201.46,33972674010.99,-0.14871740556625,18.0,25.0,2392.0,5564.410156,19822.86914
357,2024-07-23,2781,0.6076370746,0.6165763617,0.5842763954,0.5974570509,1657693154.96,33403652748.61,-0.1420147701313621,12.0,25.0,2404.600098,5555.740234,19754.33984
356,2024-07-24,2781,0.5974595297,0.6321554796,0.5925768042,0.618843467,1933084899.09,34599686682.17,-0.1420147701313621,12.0,25.0,2413.300049,5427.129883,19032.39063
355,2024-07-25,2781,0.618851857,0.6238244743,0.586938593,0.5998161707,2306853708.77,33566119190.54,-0.1420147701313621,12.0,25.0,2351.899902,5399.220215,18830.58008
354,2024-07-26,2781,0.599814119,0.6084538275,0.5874593815,0.6040681731,1385845115.73,33804224174.9,-0.1420147701313621,12.0,25.0,2380.0,5459.100098,19023.66016
353,2024-07-27,2781,0.6040689669,0.60887141,0.5867039274,0.5967951042,1007994247.02,33397172497.31,0.0,1.0,25.0,2380.0,5459.100098,19023.66016
352,2024-07-28,2781,0.5967951042,0.6129160165,0.592157457,0.6019465912,916029261.72,33685321446.06,-0.6683398160067472,3.0,24.0,2380.0,5459.100098,19023.66016
351,2024-07-29,2781,0.6019442192,0.6114120884,0.5933008336,0.6020861597,1178431460.99,33693130276.33,0.0633916457494099,11.0,24.0,2377.300049,5463.540039,19059.49023
350,2024-07-30,2781,0.6020837601,0.634965066,0.5961574036,0.6278774507,2197505658.89,35135673613.62,-0.0758875652057368,33.0,24.0,2405.0,5436.439941,18796.26953
349,2024-07-31,2781,0.6278614753,0.6579108403,0.623762101,0.6239389397,2419022402.95,34915910711.96,-0.0758875652057368,33.0,24.0,2426.5,5522.299805,19362.42969
348,2024-08-01,2781,0.6239343936,0.6294333123,0.5718836474,0.5964638842,1990603912.77,33401510419.16,0.0019847705194957,35.0,24.0,2435.0,5446.680176,18890.39063
347,2024-08-02,2781,0.5964631699,0.5964660234,0.5496355881,0.5607705616,1884164485.05,31402794355.85,0.0,8.0,24.0,2425.699951,5346.560059,18440.84961
346,2024-08-03,2781,0.5607713553,0.5765464926,0.5424719269,0.5563914002,1325726392.55,31157434104.42,0.0,3.0,24.0,2425.699951,5346.560059,18440.84961
345,2024-08-04,2781,0.5563898662,0.5583055401,0.5164283817,0.5233964074,1209933394.24,29309788932.99,-0.4372533957163493,8.0,26.0,2425.699951,5346.560059,18440.84961
344,2024-08-05,2781,0.5233957805,0.5252827807,0.4334920341,0.489465843,4193893852.69,27409295015.54,0.0,1.0,26.0,2401.699951,5186.330078,17895.16016
343,2024-08-06,2781,0.4894579552,0.5185025379,0.489296217,0.5056968401,1747524591.64,28318660942.28,0.0,1.0,26.0,2389.100098,5240.029785,18077.91992
342,2024-08-07,2781,0.5056912668,0.6408185744,0.4942300403,0.6008097764,4286385926.07,33647087894.91,0.3725384348317196,3.0,26.0,2390.5,5199.5,17867.36914
341,2024-08-08,2781,0.6008485381,0.6416193806,0.5809080048,0.61757735,3502679662.34,34648939841.35,0.0,5.0,26.0,2422.199951,5319.310059,18413.82031
340,2024-08-09,2781,0.6175801482,0.6237072401,0.5690233823,0.5811532129,2024450472.78,32605102297.68,0.0,13.0,26.0,2432.100098,5344.160156,18513.09961
339,2024-08-10,2781,0.5811509385,0.6013668437,0.5795982408,0.585579424,1134054567.14,32853905689.63,-0.0485929548740386,19.0,26.0,2432.100098,5344.160156,18513.09961
338,2024-08-11,2781,0.5855855919,0.5930767928,0.5475408739,0.5529324544,1202704290.7,31021863580.63,-0.0485929548740386,19.0,22.0,2432.100098,5344.160156,18513.09961
337,2024-08-12,2781,0.5529314084,0.5790693662,0.5521628812,0.568768484,1479740403.04,31915352066.79,0.0547883689195852,23.0,22.0,2462.399902,5344.390137,18542.0293
336,2024-08-13,2781,0.568768484,0.5831127675,0.5638718919,0.5763988516,1245896254.74,32344035695.96,0.4214456649053664,15.0,22.0,2466.699951,5434.430176,19006.42969
335,2024-08-14,2781,0.576408122,0.5818891898,0.5662260057,0.569191857,1138569808.22,31939108829.97,0.0,1.0,22.0,2439.399902,5455.209961,19022.67969
334,2024-08-15,2781,0.5691911376,0.5738734934,0.5524533986,0.5609551288,1163264081.3,31477001959.24,0.0,1.0,22.0,2453.100098,5543.220215,19490.15039
333,2024-08-16,2781,0.5609565781,0.5702693713,0.5548276091,0.5645164108,1021214645.86,31676608962.01,-0.2625609159469604,3.0,22.0,2498.600098,5554.25,19508.51953
332,2024-08-17,2781,0.5645138058,0.5705398891,0.5621272893,0.5663194158,481701398.75,31778172945.18,0.0,3.0,22.0,2498.600098,5554.25,19508.51953
331,2024-08-18,2781,0.5663237934,0.578752102,0.5638562785,0.5638752537,633645481.02,31640690553.26,-0.0041264585826707,11.0,21.0,2498.600098,5554.25,19508.51953
330,2024-08-19,2781,0.5638736982,0.6085092447,0.5623202351,0.5986060906,1592288723.51,33589838098.0,0.0037601023185543,33.0,21.0,2501.800049,5608.25,19766.49023
329,2024-08-20,2781,0.5986097616,0.6145210631,0.5888488553,0.5944277144,1275196278.52,33355129880.23,0.0,12.0,21.0,2511.300049,5597.120117,19719.82031
328,2024-08-21,2781,0.5944269897,0.6053039043,0.5867576618,0.6002754091,1185128570.66,33723594856.16,-0.096519309085804,25.0,21.0,2508.399902,5620.850098,19824.83984
327,2024-08-22,2781,0.6002770485,0.6038655493,0.5938521935,0.5976007787,943673178.78,33573234743.61,-0.0119107393991379,6.0,21.0,2478.899902,5570.640137,19491.83984
326,2024-08-23,2781,0.5976001801,0.6156336592,0.5943216095,0.6112390399,1254262512.28,34339399344.02,-0.5888492266337076,2.0,21.0,2508.399902,5634.609863,19720.86914
325,2024-08-24,2781,0.6112378325,0.6304442886,0.6056346075,0.613110398,1116629036.59,34444557367.12,0.0,16.0,21.0,2508.399902,5634.609863,19720.86914
324,2024-08-25,2781,0.6131096346,0.6137537099,0.5966848367,0.6001835289,871698521.49,33718501284.19,0.0,1.0,20.0,2508.399902,5634.609863,19720.86914
323,2024-08-26,2781,0.6001859099,0.6021874132,0.580407258,0.5874697147,1118813355.95,33003209316.83,0.0,1.0,20.0,2517.699951,5616.839844,19516.43945
322,2024-08-27,2781,0.5874537852,0.5995521829,0.5579547716,0.5675544491,1420370240.38,31884873232.58,0.0,1.0,20.0,2516.0,5625.799805,19581.51953
321,2024-08-28,2781,0.5675475161,0.5842500472,0.5582221471,0.5698499398,1341866722.12,32014174448.73,0.0,1.0,20.0,2501.0,5592.180176,19350.7793
320,2024-08-29,2781,0.5698490647,0.5764103026,0.5592858093,0.5620552427,986899080.91,31616617752.05,0.0,1.0,20.0,2525.699951,5591.959961,19325.44922
319,2024-08-30,2781,0.5620576051,0.5672934142,0.5481975364,0.567030801,1103086707.7,31896112119.67,0.0,1.0,20.0,2493.800049,5648.399902,19574.64063
318,2024-08-31,2781,0.5670262559,0.5717837087,0.5633121975,0.5663133928,463303088.66,31855926577.42,0.0,1.0,20.0,2493.800049,5648.399902,19574.64063
317,2024-09-01,2781,0.5663118661,0.5665749406,0.5448002254,0.5479904299,681339684.17,30825091015.08,0.0,1.0,20.0,2493.800049,5648.399902,19574.64063
316,2024-09-02,2781,0.5479864092,0.5682827719,0.5454615037,0.5675868734,833537275.01,31927694215.38,0.0,1.0,20.0,2493.800049,5648.399902,19574.64063
315,2024-09-03,2781,0.5675876998,0.5720516084,0.5573909796,0.5573909796,814841749.17,31354533686.86,0.0,1.0,20.0,2489.899902,5528.930176,18958.74023
314,2024-09-04,2781,0.5573984621,0.5644976481,0.5398918445,0.5581761379,1106776732.5,31398315469.02,0.0,1.0,20.0,2493.399902,5520.069824,18921.40039
313,2024-09-05,2781,0.5581767833,0.5594364425,0.5413478502,0.5441957403,894618426.59,30611820077.97,0.0,9.0,20.0,2511.399902,5503.410156,18930.33008
312,2024-09-06,2781,0.5441950311,0.5470008983,0.5058957223,0.5213468369,1511246617.99,29367224020.05,-0.0601388343742915,7.0,20.0,2493.5,5408.419922,18421.31055
311,2024-09-07,2781,0.5213482967,0.532716513,0.5200352374,0.5250920184,560729553.24,29578147559.76,-0.0601388343742915,7.0,20.0,2493.5,5408.419922,18421.31055
310,2024-09-08,2781,0.5250927646,0.5310078203,0.5217855117,0.5292905838,509773155.08,29815703245.62,-0.0601388343742915,7.0,22.0,2493.5,5408.419922,18421.31055
309,2024-09-09,2781,0.5293100258,0.542205337,0.5275247249,0.5396377623,829101046.07,30397211044.15,-0.3126847289624761,8.0,22.0,2501.800049,5471.049805,18660.7793
308,2024-09-10,2781,0.5396333747,0.5426144285,0.5339620563,0.5410783239,704956462.77,30478520682.08,0.0,5.0,22.0,2512.300049,5495.52002,18829.14063
307,2024-09-11,2781,0.5410768425,0.54108075,0.5239286523,0.5353119845,894903275.66,30153468947.78,-0.0309463869951186,33.0,22.0,2512.100098,5554.129883,19237.30078
306,2024-09-12,2781,0.5353062879,0.5809376738,0.5340739633,0.5625760124,1649796649.86,31721423747.59,0.320803034937743,21.0,22.0,2551.199951,5595.759766,19423.07031
305,2024-09-13,2781,0.5625760124,0.574501064,0.5564285392,0.5731492406,1172399875.66,32317600960.79,0.3019654750823974,3.0,22.0,2581.300049,5626.02002,19514.58984
304,2024-09-14,2781,0.5731491507,0.5985774155,0.5711675159,0.5961992555,1163728418.43,33617304692.37,0.3019654750823974,3.0,22.0,2581.300049,5626.02002,19514.58984
303,2024-09-15,2781,0.5961992555,0.5962146853,0.5705534976,0.5709745671,804536338.93,32194984842.15,0.050371881384049,14.0,20.0,2581.300049,5626.02002,19514.58984
302,2024-09-16,2781,0.5709745671,0.5898428024,0.5607215342,0.5854073044,1261024892.52,33009329085.08,0.0,7.0,20.0,2580.399902,5633.089844,19423.06055
301,2024-09-17,2781,0.585416874,0.5932450887,0.5793399724,0.5845018671,1006340429.84,32957690736.5,0.0,7.0,20.0,2564.300049,5634.580078,19432.40039
300,2024-09-18,2781,0.5845010735,0.5854695799,0.5630806174,0.5852508865,1185142248.93,32999794865.12,0.005955254802337,13.0,20.0,2570.699951,5618.259766,19344.49023
299,2024-09-19,2781,0.5852477857,0.5940541511,0.5818994716,0.5873714794,1232042100.52,33148367951.95,0.0,3.0,20.0,2588.0,5713.640137,19839.83008
298,2024-09-20,2781,0.5873776382,0.5921419399,0.5769531107,0.5851712251,1225009128.4,33023808308.79,0.0,3.0,20.0,2619.899902,5702.549805,19791.49023
297,2024-09-21,2781,0.5851704843,0.6099915445,0.5805676854,0.5981406412,952605937.88,33756059309.87,0.0,3.0,20.0,2619.899902,5702.549805,19791.49023
296,2024-09-22,2781,0.5981457193,0.6041054904,0.579579005,0.5876209728,886494818.51,33162100421.1,0.0,1.0,20.0,2619.899902,5702.549805,19791.49023
295,2024-09-23,2781,0.5876209728,0.5952359178,0.5815011466,0.585064812,998093827.65,33017844745.36,0.0,4.0,20.0,2626.5,5718.569824,19852.19922
294,2024-09-24,2781,0.5850640404,0.5923972055,0.5819362203,0.5915435043,988961519.67,33383567607.59,0.0,13.0,20.0,2651.199951,5732.930176,19944.83984
293,2024-09-25,2781,0.5915452949,0.5948660404,0.5829903458,0.5835408348,995515963.56,32973536099.91,0.0422590555146683,16.0,20.0,2659.199951,5722.259766,19972.60938
292,2024-09-26,2781,0.5835439724,0.5959882686,0.5768853154,0.590420702,1212544780.89,33362317930.98,0.0386214517056942,16.0,20.0,2669.899902,5745.370117,20115.53906
291,2024-09-27,2781,0.5904243778,0.5970264543,0.5832897633,0.5889271453,1236838133.61,33312546097.94,0.3110951218340132,14.0,20.0,2644.300049,5738.169922,20008.61914
290,2024-09-28,2781,0.5889350574,0.6256267318,0.5865494226,0.6148013619,2222346895.97,34775569753.76,0.0,2.0,20.0,2644.300049,5738.169922,20008.61914
289,2024-09-29,2781,0.6147999648,0.6622055488,0.6088135122,0.6419469007,2225645563.02,36311025791.43,0.0,1.0,23.0,2644.300049,5738.169922,20008.61914
288,2024-09-30,2781,0.6419454099,0.6524109709,0.6109509682,0.6114920508,2051368591.92,34588460773.21,0.0261513481537501,16.0,23.0,2636.100098,5762.47998,20060.68945
287,2024-10-01,2781,0.6114920508,0.6335889745,0.5842745848,0.5975301691,2724318278.42,33798115412.73,0.0261513481537501,16.0,23.0,2667.300049,5708.75,19773.30078
286,2024-10-02,2781,0.5975194746,0.6057803217,0.5307017631,0.5398314291,2624852687.58,30534334736.02,0.0,3.0,23.0,2647.100098,5709.540039,19802.58984
285,2024-10-03,2781,0.5398188457,0.5435673493,0.5100857258,0.5219530832,2329769451.21,29523775031.77,0.0,1.0,23.0,2657.100098,5699.939941,19793.33984
284,2024-10-04,2781,0.5219530832,0.5383749799,0.5157278905,0.534341171,1408313542.52,30223140013.73,0.0,1.0,23.0,2645.800049,5751.069824,20035.01953
283,2024-10-05,2781,0.5343172103,0.5348529395,0.5268968406,0.5294961406,685609429.78,29950484013.95,0.0,1.0,23.0,2645.800049,5751.069824,20035.01953
282,2024-10-06,2781,0.529496904,0.5367085486,0.5284917244,0.5335916946,595405723.66,30182145760.97,-0.2063461191513959,2.0,20.0,2645.800049,5751.069824,20035.01953
281,2024-10-07,2781,0.5335924698,0.5453613106,0.529788069,0.52993383,1192453386.84,29975153255.19,-0.1485491972662803,23.0,20.0,2644.800049,5695.939941,19800.74023
280,2024-10-08,2781,0.5299330334,0.5341199301,0.5216372884,0.5308684908,906939732.94,30070339292.94,-0.0368471887222556,23.0,20.0,2615.0,5751.129883,20107.7793
279,2024-10-09,2781,0.5308554753,0.5340643048,0.5218608526,0.5243323964,858437664.85,29700264506.01,0.0600983578090866,27.0,20.0,2606.0,5792.040039,20268.85938
278,2024-10-10,2781,0.5243222525,0.543239244,0.5227527002,0.5299771448,1260651129.07,30020764435.31,-0.1108687988349369,7.0,20.0,2620.600098,5780.049805,20241.75977
277,2024-10-11,2781,0.5299802911,0.5416159508,0.529587134,0.538297082,924108714.24,30491766434.65,0.0523774411943223,12.0,20.0,2657.600098,5815.029785,20271.9707
276,2024-10-12,2781,0.5382952618,0.542463814,0.5357324519,0.5395597638,569251511.21,30563345809.18,-0.0365510141408001,5.0,20.0,2657.600098,5815.029785,20271.9707
275,2024-10-13,2781,0.5395589091,0.5395626005,0.525704349,0.5315403677,615540883.62,30109176112.99,0.0,1.0,22.0,2657.600098,5815.029785,20271.9707
274,2024-10-14,2781,0.5315410924,0.5511304099,0.528406984,0.5480212688,1075594127.19,31042696664.34,0.0414121727789602,9.0,22.0,2647.800049,5859.850098,20439.05078
273,2024-10-15,2781,0.5480212688,0.5545177467,0.5326675623,0.5414515072,1286412940.94,30670650257.88,0.0,4.0,22.0,2661.399902,5815.259766,20159.83008
272,2024-10-16,2781,0.5414532394,0.5531389271,0.5379650725,0.548044626,1085371530.05,31044218871.88,-0.1800993271172046,3.0,22.0,2674.0,5842.470215,20174.05078
271,2024-10-17,2781,0.5480481415,0.5641158267,0.5428528798,0.5436582063,1406187768.28,30829026058.83,0.2103226265391788,18.0,22.0,2691.0,5841.470215,20190.41992
270,2024-10-18,2781,0.5436600878,0.5523849192,0.5404956532,0.5465413588,1042238394.95,30992412669.37,-0.4254078997506035,4.0,22.0,2713.699951,5864.669922,20324.03906
269,2024-10-19,2781,0.5465413588,0.5495185752,0.5410928524,0.5442574469,603883719.47,30862032964.35,0.0816993135394472,17.0,22.0,2713.699951,5864.669922,20324.03906
268,2024-10-20,2781,0.5442421541,0.548031946,0.5376766973,0.5476515707,692297810.62,31054674822.1,0.0,4.0,21.0,2713.699951,5864.669922,20324.03906
267,2024-10-21,2781,0.5476393321,0.5594415897,0.5415660995,0.5448626254,1319986737.94,30897217683.4,-0.009644883965689,8.0,21.0,2723.100098,5853.97998,20361.4707
266,2024-10-22,2781,0.5448626254,0.5488109263,0.5302606586,0.5333789987,1120439497.42,30245983564.87,-0.0056588699420293,6.0,21.0,2744.199951,5851.200195,20390.46094
265,2024-10-23,2781,0.5333783185,0.5335376385,0.5128085202,0.5252106389,982705774.96,29782746021.43,-0.0056588699420293,6.0,21.0,2714.399902,5797.419922,20066.96094
264,2024-10-24,2781,0.5256205238,0.5332857146,0.5244931428,0.5317611404,895039741.34,30180825026.22,0.0,1.0,21.0,2734.899902,5809.859863,20232.86914
263,2024-10-25,2781,0.5317611404,0.5317639903,0.4935850675,0.5019187957,1357198782.64,28514843977.92,0.0,1.0,21.0,2740.899902,5808.120117,20352.01953
262,2024-10-26,2781,0.5019170733,0.514404722,0.4996850388,0.5127610333,703691733.73,29130865848.35,0.0,1.0,21.0,2740.899902,5808.120117,20352.01953
261,2024-10-27,2781,0.5127602641,0.5171438182,0.5106251495,0.5163814224,509849011.69,29336590597.98,0.0184068598950556,15.0,19.0,2740.899902,5808.120117,20352.01953
260,2024-10-28,2781,0.5163814224,0.5208381553,0.5113818036,0.5192272172,837346671.34,29498208339.48,0.5096023238622225,4.0,19.0,2742.899902,5823.52002,20351.07031
259,2024-10-29,2781,0.519226211,0.5303097317,0.5184657867,0.5279157743,1076280680.5,29992034572.31,-0.046817449767261,31.0,19.0,2768.399902,5832.919922,20550.65039
258,2024-10-30,2781,0.5279185194,0.5280549374,0.5195876029,0.5229735792,900858937.31,29711103306.2,-0.046817449767261,31.0,19.0,2788.5,5813.669922,20387.69922
257,2024-10-31,2781,0.5229735792,0.5233497234,0.5038998179,0.509236632,1015745412.04,28959606415.53,0.0,1.0,19.0,2738.300049,5705.450195,19890.41992
256,2024-11-01,2781,0.5092366342,0.523350538,0.5046080705,0.5128683071,1284409585.59,29166134793.71,0.0,2.0,19.0,2738.600098,5728.799805,20033.14063
255,2024-11-02,2781,0.5128683071,0.5157502036,0.5079737308,0.5098498517,527041358.8,28994628530.33,0.0,2.0,19.0,2738.600098,5728.799805,20033.14063
254,2024-11-03,2781,0.5098524763,0.5107478087,0.4936523348,0.5029313039,940842891.38,28601030708.22,0.0,2.0,20.0,2738.600098,5728.799805,20033.14063
253,2024-11-04,2781,0.5029313039,0.5138324189,0.496788286,0.5032255802,1025432948.28,28617812810.98,0.0,2.0,20.0,2736.100098,5712.689941,19963.59961
252,2024-11-05,2781,0.5032264067,0.5183096765,0.5020223083,0.5140286129,1027346173.7,29232168029.38,0.0,2.0,20.0,2740.300049,5782.759766,20227.46094
251,2024-11-06,2781,0.5140294604,0.5465790423,0.5140294604,0.5424267616,2211008426.11,30847084574.5,-0.3154160432729302,16.0,20.0,2667.600098,5929.040039,20781.33008
250,2024-11-07,2781,0.5424267616,0.5738684107,0.5384252632,0.5547320839,1889112042.67,31546871797.31,-0.3154160432729302,16.0,20.0,2698.399902,5973.100098,21101.57031
249,2024-11-08,2781,0.5547320839,0.5596891823,0.5430236248,0.5540794817,1498480369.65,31509715098.18,-0.3154160432729302,16.0,20.0,2687.5,5995.540039,21117.17969
248,2024-11-09,2781,0.5540787065,0.5613808136,0.545104076,0.5594869341,1238578019.05,31816864569.44,0.0113355827587907,32.0,20.0,2687.5,5995.540039,21117.17969
247,2024-11-10,2781,0.5594869341,0.6160421886,0.5562001509,0.5893823021,4198897125.24,33517383371.1,-0.0562971830368042,28.0,39.0,2687.5,5995.540039,21117.17969
246,2024-11-11,2781,0.5893823021,0.6307059636,0.5720236265,0.6204667554,4066959667.0,35285114663.12,0.0589355601037498,14.0,39.0,2611.199951,6001.350098,21106.58984
245,2024-11-12,2781,0.6204667554,0.7353525141,0.599107168,0.7076994247,11156505328.94,40242318217.59,0.2277460820875699,27.0,39.0,2600.0,5983.990234,21070.78906
244,2024-11-13,2781,0.7076360911,0.743535347,0.6425908877,0.6902881889,7773620798.62,39255753600.4,0.0148544200734134,74.0,39.0,2580.800049,5985.379883,21036.16016
243,2024-11-14,2781,0.690287967,0.845210622,0.68441732,0.7730071544,9458526339.42,44008304173.73,0.1080244844563529,86.0,39.0,2568.199951,5949.169922,20896.66992
242,2024-11-15,2781,0.7730079741,0.9248207825,0.7725787115,0.8920914416,11738281622.73,50787886167.99,0.0332884953300131,86.0,39.0,2565.699951,5870.620117,20394.13086
241,2024-11-16,2781,0.892091657,1.256743942,0.8799244082,1.1190904175,22568823580.35,63711060613.92,0.0477228838115671,71.0,39.0,2565.699951,5870.620117,20394.13086
240,2024-11-17,2781,1.1190878362,1.1545945192,1.0054632183,1.0543353752,12066098150.74,60025087547.81,0.0016243455661644,61.0,50.0,2565.699951,5870.620117,20394.13086
239,2024-11-18,2781,1.0543435424,1.1833420008,1.0543139839,1.1179359952,9978319004.88,63643084553.26,0.0328312730589274,79.0,50.0,2610.600098,5893.620117,20539.18945
238,2024-11-19,2781,1.1178938334,1.1457942795,1.073826802,1.1019471609,5884163705.11,62734956393.38,0.2645759357885324,66.0,50.0,2627.100098,5916.97998,20684.58984
237,2024-11-20,2781,1.1019425187,1.1466365275,1.0637480074,1.1023006706,6409028713.65,62755593014.88,0.1147129432245409,62.0,50.0,2648.199951,5917.109863,20667.09961
236,2024-11-21,2781,1.1023050019,1.251769659,1.0820939727,1.250351528,10451562187.86,71177670946.92,-0.0433186446252751,51.0,50.0,2672.100098,5948.709961,20740.7793
235,2024-11-22,2781,1.2502392049,1.4969073743,1.2475605561,1.4690188275,19984456168.5,83733145933.25,-0.0046414426501641,72.0,50.0,2709.899902,5969.339844,20776.23047
234,2024-11-23,2781,1.4690321408,1.6216148206,1.4274995774,1.4690081194,15468388183.18,83731293273.83,0.1913740639550698,74.0,50.0,2709.899902,5969.339844,20776.23047
233,2024-11-24,2781,1.4689996374,1.509101318,1.308200217,1.4324108501,11863424377.05,81624797886.49,-0.2403511806478142,110.0,51.0,2709.899902,5969.339844,20776.23047
232,2024-11-25,2781,1.4324132229,1.5359229515,1.3643274571,1.4154234843,11517571350.21,80677514038.03,0.1196707632161874,60.0,51.0,2616.800049,5987.370117,20804.89063
231,2024-11-26,2781,1.4153674888,1.4565421533,1.2948045699,1.4013232019,9378581137.72,79873183625.28,0.0003421228492709,34.0,51.0,2620.300049,6021.629883,20922.90039
230,2024-11-27,2781,1.4013121402,1.5183703598,1.3573457307,1.4728115876,7766481601.85,83950603431.04,-0.2932662658863239,60.0,51.0,2639.899902,5998.740234,20744.49023
229,2024-11-28,2781,1.4728472615,1.5423698838,1.4341828968,1.5413428114,5820667101.24,87935391291.01,0.0133057206104963,20.0,51.0,2639.899902,5998.740234,20744.49023
228,2024-11-29,2781,1.5413337954,1.8115313099,1.527908342,1.7967308202,14734827153.69,102505288526.38,0.0255629369054474,38.0,51.0,2657.0,6032.379883,20930.36914
227,2024-11-30,2781,1.7967153281,1.9549070325,1.7705542417,1.9441209163,16537204318.84,110914167221.27,0.2300381094270614,78.0,51.0,2657.0,6032.379883,20930.36914
226,2024-12-01,2781,1.9441063697,2.339640559,1.8536367382,2.3202227638,18321198112.71,132401816051.76,0.3922511001300198,105.0,100.0,2657.0,6032.379883,20930.36914
225,2024-12-02,2781,2.3207424298,2.8496809487,2.2438926128,2.7138054482,51723383809.08,154833155059.53,-0.0394251940196084,274.0,100.0,2634.899902,6047.149902,21164.59961
224,2024-12-03,2781,2.7139195157,2.864887495,2.3610097798,2.5255265628,43498034453.03,144087179578.45,0.0038566535546593,177.0,100.0,2644.699951,6049.879883,21229.32031
223,2024-12-04,2781,2.5255637816,2.6703455322,2.2956320106,2.3544443216,22033216003.08,134324762498.12,0.036738600599374,156.0,100.0,2653.800049,6086.490234,21492.35938
222,2024-12-05,2781,2.3544478845,2.4849986666,2.188863289,2.295206407,21253973296.08,131109469087.81,0.0007951636119881,56.0,100.0,2626.600098,6075.109863,21425.2207
221,2024-12-06,2781,2.2509115226,2.460490226,2.2395102804,2.4247366988,13380810341.34,138494675251.19,-0.0379074302000847,61.0,100.0,2638.600098,6090.27002,21622.25
220,2024-12-07,2781,2.4247441756,2.6172638774,2.396321842,2.6166238506,12359080774.41,149449831182.87,-0.1337010701751302,92.0,100.0,2638.600098,6090.27002,21622.25
219,2024-12-08,2781,2.6165454162,2.6408749287,2.4924450126,2.608348378,10558694953.33,148979151280.3,0.024486809077849,76.0,57.0,2638.600098,6090.27002,21622.25
218,2024-12-09,2781,2.6083048225,2.6083048225,2.1030721264,2.2189515996,19372805326.9,126756639868.54,-0.1588018213909479,76.0,57.0,2664.899902,6052.850098,21440.82031
217,2024-12-10,2781,2.2192363979,2.4110743663,1.9122536137,2.3691595828,26630797340.94,135328392118.93,-0.0302546803280101,88.0,57.0,2697.600098,6034.910156,21368.17969
216,2024-12-11,2781,2.3693093614,2.4658826762,2.2391629943,2.4000700284,14234882608.37,137084477674.63,-0.0172622439418051,137.0,57.0,2733.800049,6084.189941,21763.98047
215,2024-12-12,2781,2.4000546462,2.4816329153,2.316993818,2.3427699891,10907030447.12,133975578865.59,0.0067751271698307,90.0,57.0,2687.5,6051.25,21615.26953
214,2024-12-13,2781,2.3427271897,2.4723495683,2.2943919131,2.42131924,9425468611.5,138470090851.11,-0.0454530979871429,100.0,57.0,2656.0,6051.089844,21780.25
213,2024-12-14,2781,2.42131924,2.5205829061,2.3579375762,2.3987049507,7815885533.68,137176691643.88,0.0092102470508427,60.0,57.0,2656.0,6051.089844,21780.25
212,2024-12-15,2781,2.3987025698,2.4654203374,2.3696292918,2.4469501385,6045150093.91,139938660156.77,-0.0238288098420852,84.0,51.0,2656.0,6051.089844,21780.25
211,2024-12-16,2781,2.4469989741,2.5688954907,2.3448922813,2.4886575512,12061755484.82,142317600201.06,0.1339245125868016,96.0,51.0,2651.399902,6074.080078,22096.66016
210,2024-12-17,2781,2.4885976563,2.7176748915,2.4457168753,2.5651900428,17019845093.14,146700115733.62,0.0069096213777126,46.0,51.0,2644.399902,6050.609863,22001.08008
209,2024-12-18,2781,2.5652313114,2.5846015181,2.287401604,2.303317967,19855585018.12,131721067955.85,-0.006479425355792,17.0,51.0,2636.5,5872.160156,21209.32031
208,2024-12-19,2781,2.3033043034,2.4264085225,2.16959287,2.2488911368,23020304510.59,128753851209.32,-0.0638867652897722,34.0,51.0,2592.199951,5867.080078,21110.50977
207,2024-12-20,2781,2.2488820598,2.3461282081,1.9695470042,2.2768859082,26858734292.3,130357944215.39,-0.0601991608147359,39.0,51.0,2628.699951,5930.850098,21289.15039
206,2024-12-21,2781,2.2768999867,2.3815900281,2.2037529801,2.2381123953,14987697761.72,128119020133.34,-0.0019112796372688,20.0,51.0,2628.699951,5930.850098,21289.15039
205,2024-12-22,2781,2.2377937685,2.2909213825,2.1670875512,2.1993315893,11275662704.83,125923128093.43,0.0,30.0,38.0,2628.699951,5930.850098,21289.15039
204,2024-12-23,2781,2.1994391704,2.2684517766,2.1352617462,2.2572624941,10144129668.05,129234842661.84,-0.0083866139275843,38.0,38.0,2612.300049,5974.069824,21503.16992
203,2024-12-24,2781,2.2572833079,2.3461924073,2.2144898799,2.3246243465,5976090472.17,133090815327.25,0.5626079752331689,12.0,38.0,2620.0,6040.040039,21797.65039
202,2024-12-25,2781,2.3246337419,2.3278114548,2.2637639968,2.2959703158,3967858676.65,131445476912.91,-0.1476013644821896,33.0,38.0,2620.0,6040.040039,21797.65039
201,2024-12-26,2781,2.2958954012,2.3119794187,2.1341146812,2.1543387918,5466927247.28,123680579861.7,0.0,5.0,38.0,2638.800049,6037.589844,21768.31055
200,2024-12-27,2781,2.1543300948,2.2313156061,2.1235104846,2.1416502486,5426840158.93,122953566138.72,0.0,14.0,38.0,2617.199951,5970.839844,21473.01953
199,2024-12-28,2781,2.1416666068,2.1994918673,2.1350058235,2.1808244997,2759395789.43,125202117997.73,-0.1094878779517279,11.0,38.0,2617.199951,5970.839844,21473.01953
198,2024-12-29,2781,2.1808330058,2.1928132921,2.0719509383,2.0931804832,3053146361.92,120170454381.05,-0.0311614922855211,16.0,39.0,2617.199951,5970.839844,21473.01953
197,2024-12-30,2781,2.0931889766,2.1431894728,2.0002308153,2.0575710817,6671570513.41,118124149020.16,-0.0113333187241485,18.0,39.0,2606.100098,5906.939941,21197.08984
196,2024-12-31,2781,2.0575454081,2.1409735782,2.0141318939,2.0801277081,4725443243.95,119420209569.32,-0.0390659191898096,22.0,39.0,2629.199951,5881.629883,21012.16992
195,2025-01-01,2781,2.0801208378,2.3467729203,2.0791510739,2.3223408545,7677226237.08,133329996332.97,0.0954741770099397,41.0,39.0,2629.199951,5881.629883,21012.16992
194,2025-01-02,2781,2.322408449,2.4355016568,2.3223945799,2.4033699474,8345904441.73,137978311890.63,-0.0444277888163924,16.0,39.0,2658.899902,5868.549805,20975.61914
193,2025-01-03,2781,2.4033751303,2.4745522709,2.3971325192,2.4528959285,5804528036.25,140821382266.77,0.1776119469240121,32.0,39.0,2645.0,5942.470215,21326.16016
192,2025-01-04,2781,2.4528971497,2.5043844534,2.4067141335,2.4195954791,4395986073.34,138908619468.84,0.2741798545450515,42.0,39.0,2645.0,5942.470215,21326.16016
191,2025-01-05,2781,2.4195796922,2.4255450194,2.3343607535,2.3997270927,4125625773.45,137768791538.76,-0.0116025957210761,35.0,41.0,2645.0,5942.470215,21326.16016
190,2025-01-06,2781,2.3997256002,2.4552514009,2.3763853168,2.4188066546,4383804465.99,138957427925.63,0.0021459159269854,42.0,41.0,2638.399902,5975.379883,21559.5
189,2025-01-07,2781,2.4187942071,2.4605668617,2.2659063511,2.2723500806,7375576965.86,130544949031.21,0.1912747538511074,36.0,41.0,2656.699951,5909.029785,21173.03906
188,2025-01-08,2781,2.2723604718,2.3951567878,2.2129286381,2.3753049817,8537147722.99,136459167667.25,-0.2432394260629061,66.0,41.0,2664.5,5918.25,21180.9707
187,2025-01-09,2781,2.3753076693,2.3893502899,2.2393895364,2.2752115624,6033281189.05,130706166819.3,-0.0356422629517535,68.0,41.0,2683.800049,5918.25,21180.9707
186,2025-01-10,2781,2.275166746,2.3639347245,2.2559065472,2.3432518818,5315424124.83,134720520185.87,0.0,13.0,41.0,2708.5,5827.040039,20847.58008
185,2025-01-11,2781,2.3432459246,2.5923893792,2.3286180385,2.5767701886,7962865928.38,148147640818.67,-0.0017146654063962,57.0,41.0,2708.5,5827.040039,20847.58008
184,2025-01-12,2781,2.5767890082,2.5779187999,2.4730032108,2.5063144298,5572029190.22,144099223181.94,0.0073540815106638,39.0,73.0,2708.5,5827.040039,20847.58008
183,2025-01-13,2781,2.5063733201,2.5590317239,2.3397669917,2.5229348239,10540895915.47,145048883932.18,0.009378076821077,42.0,73.0,2673.5,5836.220215,20784.7207
182,2025-01-14,2781,2.5228911355,2.6874170036,2.5161875276,2.6691329311,8454377084.92,153458727146.6,0.0,6.0,73.0,2677.5,5842.910156,20757.41016
181,2025-01-15,2781,2.6691667794,3.1775262546,2.6556680561,3.1550581635,22195175229.8,181413267520.05,0.157631448675321,187.0,73.0,2712.5,5949.910156,21237.84961
180,2025-01-16,2781,3.1553908729,3.3880709979,2.9380164427,3.2455401052,26379764731.06,186815065080.46,-0.0001442395958105,133.0,73.0,2746.399902,5937.339844,21091.25
179,2025-01-17,2781,3.2453205298,3.3430152621,3.1815827362,3.298634919,13511699686.0,189885961094.07,0.0329785049496114,128.0,73.0,2744.300049,5996.660156,21441.16016
178,2025-01-18,2781,3.2986676294,3.2986676294,3.0726841131,3.274018868,11851170238.18,188465002183.52,-0.0288433971192441,73.0,73.0,2744.300049,5996.660156,21441.16016
177,2025-01-19,2781,3.2739829653,3.285344265,2.9045406736,2.9547168038,14986676961.59,170065662494.56,0.2192545921696342,108.0,60.0,2744.300049,5996.660156,21441.16016
176,2025-01-20,2781,2.9543526678,3.3472442202,2.9291276442,3.0998349554,21508103945.8,178440161683.13,-0.0234690194395594,124.0,60.0,2744.300049,5996.660156,21441.16016
175,2025-01-21,2781,3.0998330879,3.2345928983,3.0221456052,3.1693995125,10358506190.1,182445585785.73,-0.222522250064808,168.0,60.0,2755.0,6049.240234,21566.50977
174,2025-01-22,2781,3.1694146555,3.2742350291,3.1456979047,3.1711050698,8091948883.97,182540079363.2,-0.262068375339353,63.0,60.0,2767.600098,6086.370117,21853.0
173,2025-01-23,2781,3.1710561823,3.1779950104,3.0408416289,3.1198912035,8450732275.57,179590097656.63,-0.0044091579019257,126.0,60.0,2763.100098,6118.709961,21900.92969
172,2025-01-24,2781,3.1198912035,3.2007560505,3.0572477406,3.1034829817,6847580393.96,178888518107.45,-0.0414540123592982,133.0,60.0,2777.300049,6101.240234,21774.00977
171,2025-01-25,2781,3.1034247683,3.141712973,3.0827180665,3.1097056019,3304586595.51,179246975252.32,-0.0867171414196491,42.0,60.0,2777.300049,6101.240234,21774.00977
170,2025-01-26,2781,3.1097017466,3.141089463,3.0233996087,3.0262275396,3480601701.98,174435420851.25,0.1545758117038458,89.0,44.0,2777.300049,6101.240234,21774.00977
169,2025-01-27,2781,3.0262782465,3.0536713842,2.7084829379,3.0531853859,15974106216.37,176007898509.79,-0.0683992278540152,72.0,44.0,2737.5,6012.279785,21127.2793
168,2025-01-28,2781,3.0532343079,3.2090892342,3.0113940896,3.0611203743,9497347682.77,176445413354.77,0.0824452484556651,60.0,44.0,2766.800049,6067.700195,21463.03906
167,2025-01-29,2781,3.0610982937,3.1274346471,2.976758194,3.06829445,6882287654.34,176866396456.35,-0.0769929797007413,105.0,44.0,2769.100098,6039.310059,21411.46094
166,2025-01-30,2781,3.0684018026,3.1513306972,3.0533151974,3.1310694843,4868674752.17,180672981607.1,0.0366493146838667,106.0,44.0,2823.0,6071.169922,21508.11914
165,2025-01-31,2781,3.1310449905,3.1311330573,3.0064846283,3.035420251,4520254154.6,175153821625.18,-0.0062605897915901,56.0,44.0,2812.5,6040.529785,21478.05078
164,2025-02-01,2781,3.0353984911,3.068510549,2.838140638,2.8844692539,4886927800.3,166444283425.86,0.0004028446941454,49.0,44.0,2812.5,6040.529785,21478.05078
163,2025-02-02,2781,2.8844630513,2.9528745646,2.4869347127,2.579795031,15654662797.97,148863820211.64,-0.0827659065323758,24.0,45.0,2812.5,6040.529785,21478.05078
162,2025-02-03,2781,2.5797953539,2.7798500546,1.9486207615,2.7011559292,36745099580.93,155875584976.63,-0.1347980823500182,146.0,45.0,2833.899902,5994.569824,21297.58008
161,2025-02-04,2781,2.7013085473,2.7766448849,2.4355398895,2.5354246787,14154535566.29,146300274740.98,0.0135639905216591,36.0,45.0,2853.300049,6037.879883,21566.91992
160,2025-02-05,2781,2.5353693632,2.5671566754,2.3566484129,2.3823150631,7724989243.37,137465149600.56,-0.2389700629396852,89.0,45.0,2871.600098,6061.47998,21658.16016
159,2025-02-06,2781,2.382257514,2.4646882543,2.2923292931,2.3268803805,7292152784.04,134407432698.83,-0.0399476777916421,64.0,45.0,2856.0,6083.569824,21774.07031
158,2025-02-07,2781,2.3268959352,2.5338684385,2.2839895139,2.3935829805,9288664505.4,138261858197.85,-0.0093459357261657,75.0,45.0,2867.300049,6025.990234,21491.31055
157,2025-02-08,2781,2.3936247377,2.433853094,2.3557420452,2.4243755907,3995500227.55,140036627254.2,-0.1242833057826853,36.0,45.0,2867.300049,6025.990234,21491.31055
156,2025-02-09,2781,2.4243499946,2.5043774083,2.3182343275,2.3969399195,4806376235.9,138451940325.39,-0.0740817065060478,112.0,36.0,2867.300049,6025.990234,21491.31055
155,2025-02-10,2781,2.3969154882,2.4694422825,2.3302074124,2.4226955035,4740495320.8,139944112806.41,-0.1761815240888884,62.0,36.0,2914.300049,6066.439941,21756.73047
154,2025-02-11,2781,2.4227483608,2.5253917421,2.3763613053,2.4142156234,5368991524.86,139451439187.05,-0.036426254847081,50.0,36.0,2912.5,6068.5,21693.51953
153,2025-02-12,2781,2.4142190688,2.4905750217,2.349435644,2.4728350278,5462469809.31,142837682597.42,0.0,1.0,36.0,2909.0,6051.970215,21719.25977
152,2025-02-13,2781,2.4728425829,2.5961297973,2.4246539068,2.5625147277,5041669574.19,148160965500.45,-0.0073729048525621,30.0,36.0,2925.899902,6115.069824,22030.71094
151,2025-02-14,2781,2.5625021482,2.8282711014,2.5352603791,2.7401960883,8841598608.47,158428702297.82,-0.1529832818909831,79.0,36.0,2883.600098,6114.629883,22114.68945
150,2025-02-15,2781,2.7400866929,2.8273111364,2.7218552106,2.7615784742,4633704308.76,159669777581.59,-0.0465500831701436,55.0,36.0,2883.600098,6114.629883,22114.68945
149,2025-02-16,2781,2.7615515779,2.8022824371,2.7002074993,2.7278249718,3431117271.92,157733057291.41,-0.1406262550503015,16.0,33.0,2883.600098,6114.629883,22114.68945
148,2025-02-17,2781,2.728055239,2.7614480179,2.6134546007,2.6582741402,4782836287.41,153697055091.22,-0.0050441856510284,18.0,33.0,2883.600098,6114.629883,22114.68945
147,2025-02-18,2781,2.6582509942,2.6666702099,2.4733285315,2.558877764,5357974218.53,147955681203.0,-0.1911595569011565,59.0,33.0,2931.600098,6129.580078,22164.60938
146,2025-02-19,2781,2.5589516756,2.7440108526,2.5173927792,2.7408005892,5175151198.14,158470446432.19,-0.1702211971223957,52.0,33.0,2919.399902,6144.149902,22175.59961
145,2025-02-20,2781,2.7408086741,2.7449109592,2.6736097943,2.6908278733,4310522382.14,155763779981.2,0.0702201589632458,68.0,33.0,2940.0,6117.52002,22068.06055
144,2025-02-21,2781,2.6907874155,2.7090115029,2.5124853145,2.5701400965,5895816749.58,148780308052.93,-0.0080606379816609,21.0,33.0,2937.600098,6013.129883,21614.08008
143,2025-02-22,2781,2.5701493674,2.6074686567,2.5561840867,2.5757063701,2384435690.47,149101963170.45,-0.0337199444983415,32.0,33.0,2937.600098,6013.129883,21614.08008
142,2025-02-23,2781,2.5757058937,2.5969791261,2.5236908564,2.5770199385,2469949788.21,149177588638.07,-0.0040107113343698,11.0,31.0,2937.600098,6013.129883,21614.08008
141,2025-02-24,2781,2.5770123082,2.6004563747,2.2705373442,2.2779286701,7075894526.1,131865273491.01,-0.0011791506391503,36.0,31.0,2947.899902,5983.25,21352.08008
140,2025-02-25,2781,2.2779456077,2.3579062672,2.0751908593,2.3207170701,13317860642.1,134342002891.5,-0.2135098269864618,65.0,31.0,2904.5,5955.25,21087.25
139,2025-02-26,2781,2.3207306011,2.324919438,2.1540088715,2.192435232,6752125996.08,126916120782.7,-0.0134432829916477,27.0,31.0,2916.800049,5956.060059,21132.91992
138,2025-02-27,2781,2.1924500077,2.2538561196,2.149015008,2.1986475481,4837539998.38,127410613886.07,-0.0010734406135,43.0,31.0,2883.199951,5861.569824,20550.94922
137,2025-02-28,2781,2.1986400139,2.1986400139,1.9574078484,2.1455952181,8544047699.47,124337498665.66,-0.023500603459916,41.0,31.0,2836.800049,5954.5,20884.41016
136,2025-03-01,2781,2.1456093135,2.2123922446,2.1229239935,2.1906025078,3300928949.01,126944367032.32,0.0284636332001444,16.0,31.0,2836.800049,5954.5,20884.41016
135,2025-03-02,2781,2.1905943028,2.9667200461,2.1773587657,2.9369424933,17441097425.85,170201127517.84,0.0070471462735719,116.0,42.0,2836.800049,5954.5,20884.41016
134,2025-03-03,2781,2.9370473774,2.943915867,2.3117307097,2.3857424913,14497390959.52,138251556399.82,-0.0155020243349864,125.0,42.0,2890.199951,5849.720215,20425.58008
133,2025-03-04,2781,2.3857149307,2.5161107118,2.2298711245,2.4551455026,11265947030.52,142275591179.13,-0.033659291115536,37.0,42.0,2909.600098,5778.149902,20352.5293
132,2025-03-05,2781,2.4551550159,2.5330400076,2.4181242524,2.5005092313,6075953088.7,144906195558.91,-0.0219391772952837,119.0,42.0,2915.300049,5842.629883,20628.46094
131,2025-03-06,2781,2.5005496018,2.6384254636,2.4742387726,2.601729189,6907451108.88,150769524085.24,-0.0099515179630185,39.0,42.0,2916.600098,5738.52002,20052.63086
130,2025-03-07,2781,2.6017291528,2.6100488992,2.3570112963,2.3816242863,9796404399.06,138236053072.31,-0.0555139141842863,75.0,42.0,2904.699951,5770.200195,20201.36914
129,2025-03-08,2781,2.3816022433,2.4064096562,2.3096075377,2.3234385805,3722945466.62,134859322677.87,-0.0542048748164253,34.0,42.0,2904.699951,5770.200195,20201.36914
128,2025-03-09,2781,2.323426185,2.3487830496,2.0909827773,2.1345764292,6156171771.3,123891758225.01,-0.4303082151747804,48.0,34.0,2904.699951,5770.200195,20201.36914
127,2025-03-10,2781,2.1344713101,2.2516985846,2.0005244127,2.0182942338,8000109430.77,117142663524.41,-0.2488766246371799,6.0,34.0,2891.0,5614.560059,19430.94922
126,2025-03-11,2781,2.0181944148,2.2082016696,1.9165902326,2.1669157682,8214014405.98,125775655250.68,-0.0930758013230998,38.0,34.0,2912.899902,5572.069824,19376.96094
125,2025-03-12,2781,2.1669280628,2.2588319029,2.1420632972,2.2407549666,6420912776.26,130060245200.91,-0.0890964828134533,45.0,34.0,2939.100098,5599.299805,19596.01953
124,2025-03-13,2781,2.2407451952,2.3379816288,2.21875692,2.2510084204,5570837343.18,130803458398.35,-0.1034044918559846,36.0,34.0,2984.300049,5521.52002,19225.48047
123,2025-03-14,2781,2.2510048166,2.3833185885,2.2400803447,2.3564425856,4318754070.27,136929597334.1,-0.1245642852509158,38.0,34.0,2994.5,5638.939941,19704.64063
122,2025-03-15,2781,2.356429921,2.4717575055,2.3563609404,2.393238415,3638758922.32,139070628229.7,0.0021790306676517,27.0,34.0,2994.5,5638.939941,19704.64063
121,2025-03-16,2781,2.3932750543,2.4085228969,2.2745768924,2.2978671477,3890457149.39,133522721881.75,0.0,1.0,39.0,2994.5,5638.939941,19704.64063
120,2025-03-17,2781,2.2978007903,2.3759441929,2.2955124703,2.3406379359,3457455336.81,136011495003.24,0.0033173620476758,58.0,39.0,3000.0,5675.120117,19812.24023
119,2025-03-18,2781,2.3406302411,2.3406302411,2.2263249656,2.2869601904,3485953020.79,132892204115.6,0.076279156385584,29.0,39.0,3035.100098,5614.660156,19483.35938
118,2025-03-19,2781,2.2869501711,2.5727944613,2.2691647538,2.5458414386,9591487008.84,147936734364.66,-0.0917013724644978,11.0,39.0,3035.899902,5675.290039,19736.66016
117,2025-03-20,2781,2.5458524239,2.5507108653,2.3943319733,2.434673966,4976516821.97,141592832032.77,-0.1757129105654629,14.0,39.0,3040.0,5662.890137,19677.60938
116,2025-03-21,2781,2.4346188025,2.4630027099,2.3595708306,2.3792775443,3433230669.42,138375819467.95,0.2072981367810175,40.0,39.0,3018.199951,5667.560059,19753.9707
115,2025-03-22,2781,2.3793038606,2.4131645279,2.3621381892,2.369823824,1778187862.95,137824361522.42,-0.0186901381382575,35.0,39.0,3018.199951,5667.560059,19753.9707
114,2025-03-23,2781,2.3698218137,2.435881141,2.3670096388,2.4354930628,2107624036.37,141642114185.6,-0.6916424330175834,46.0,28.0,3018.199951,5667.560059,19753.9707
113,2025-03-24,2781,2.4354661848,2.5015944021,2.4154778801,2.4481615549,3272338534.7,142381196081.17,0.0,18.0,28.0,3013.100098,5767.569824,20180.44922
112,2025-03-25,2781,2.4481743329,2.4719125146,2.4102090757,2.4513503615,2722132221.76,142565115172.81,-0.000362052246482,28.0,28.0,3023.699951,5776.649902,20287.83008
111,2025-03-26,2781,2.4513367308,2.4761666281,2.3315825517,2.3490877816,3341723418.11,136729301965.89,-0.04229646258884,33.0,28.0,3020.899902,5712.200195,19916.99023
110,2025-03-27,2781,2.3490707633,2.3884582648,2.3071704651,2.3382736565,2687267003.98,136104780440.52,-0.0092504133892416,45.0,28.0,3060.199951,5693.310059,19798.61914
109,2025-03-28,2781,2.3383412032,2.3407602888,2.1594849902,2.2041371574,4373544995.16,128293854889.42,0.0,2.0,28.0,3086.5,5580.939941,19281.40039
108,2025-03-29,2781,2.2041459972,2.221371149,2.0647338894,2.139949049,3914811652.7,124560134259.32,0.1351377715667089,16.0,28.0,3086.5,5580.939941,19281.40039
107,2025-03-30,2781,2.1399990013,2.2110338405,2.1110926846,2.1361430995,2826918737.14,124335611148.55,-0.0096475834196264,33.0,27.0,3086.5,5580.939941,19281.40039
106,2025-03-31,2781,2.1361415935,2.1373194676,2.027241876,2.0898967226,4506662719.33,121645607467.58,-0.0194990334001559,7.0,27.0,3122.800049,5611.850098,19278.44922
105,2025-04-01,2781,2.0899261232,2.1927255345,2.0682348941,2.139610894,4034254494.31,124536315730.71,0.0,30.0,27.0,3118.899902,5633.069824,19436.41992
104,2025-04-02,2781,2.1395897883,2.2213132334,1.9911190392,2.0250666347,5687620993.33,117866492631.53,0.0868204335371653,9.0,27.0,3139.899902,5670.970215,19581.7793
103,2025-04-03,2781,2.0249992345,2.0798630822,1.9658045613,2.062466639,5385004806.56,120188355326.16,-0.202971388337224,34.0,27.0,3097.0,5396.52002,18521.4707
102,2025-04-04,2781,2.062435141,2.1506246071,2.0225102736,2.12895971,5503342771.31,124064642063.8,0.0057153578462271,15.0,27.0,3012.0,5074.080078,17397.69922
101,2025-04-05,2781,2.128952317,2.1709361134,2.1146835779,2.1437308105,2089759529.98,124925393865.25,-0.0010043825874937,32.0,27.0,3012.0,5074.080078,17397.69922
100,2025-04-06,2781,2.1437228391,2.1564836676,1.8691350841,1.9178948665,5158671864.79,111765274512.28,0.0,22.0,30.0,3012.0,5074.080078,17397.69922
99,2025-04-07,2781,1.9178948665,1.9928797821,1.6400879574,1.8977536337,14383598177.41,110591554306.7,-0.1308737680011866,75.0,30.0,2951.300049,5062.25,17430.67969
98,2025-04-08,2781,1.8977537988,1.9660460207,1.7820093043,1.7945675815,6468324898.31,104574561979.14,0.0245381502866247,22.0,30.0,2968.399902,4982.77002,17090.40039
97,2025-04-09,2781,1.7945020621,2.0865009841,1.7256136506,2.0517378062,9381130205.67,119565790226.08,-0.0788680103090074,20.0,30.0,3056.5,5456.899902,19145.06055
96,2025-04-10,2781,2.0517519085,2.0527537219,1.9282950746,1.9664819098,4463765886.13,114597579091.91,-0.0062384034314238,28.0,30.0,3155.199951,5268.049805,18343.57031
95,2025-04-11,2781,1.9664972829,2.0614121577,1.9500349567,2.0238867753,3459211571.56,118069793450.19,0.0,18.0,30.0,3222.199951,5363.359863,18690.05078
94,2025-04-12,2781,2.0238867753,2.1717633504,2.0046794375,2.1586203923,3429390185.73,125930661908.37,-0.0076118935527705,20.0,30.0,3222.199951,5363.359863,18690.05078
93,2025-04-13,2781,2.1586334133,2.2323835662,2.0881034324,2.1201994806,4220100049.29,123689659144.82,0.0036171216231126,17.0,26.0,3222.199951,5363.359863,18690.05078
92,2025-04-14,2781,2.1202193895,2.1742611945,2.1104618787,2.1267537124,3284127479.83,124069626958.06,-0.2885947316202498,30.0,26.0,3204.800049,5405.970215,18796.01953
91,2025-04-15,2781,2.1267325865,2.181261445,2.0852601393,2.0885493145,2948485956.4,121838937021.42,0.1477362229670892,20.0,26.0,3218.699951,5396.629883,18830.23047
90,2025-04-16,2781,2.0884953395,2.117895156,2.0397376906,2.0832416989,3572242594.85,121533289379.21,-0.3950234558433294,9.0,26.0,3326.600098,5275.700195,18257.64063
89,2025-04-17,2781,2.0832560975,2.1128685692,2.0558492545,2.0664148918,2467503711.98,120552725923.49,0.1685212850570678,4.0,26.0,3308.699951,5282.700195,18258.08984
88,2025-04-18,2781,2.0664478237,2.0873231349,2.0460365859,2.0635274744,1886497380.54,120497591511.41,0.0881520372790259,33.0,26.0,3308.699951,5282.700195,18258.08984
87,2025-04-19,2781,2.0635210069,2.0954350726,2.0593601696,2.0873198356,1445648293.46,121887304301.58,0.0,2.0,26.0,3308.699951,5282.700195,18258.08984
86,2025-04-20,2781,2.0873341067,2.0925436913,2.0407196005,2.0770009192,1733159089.1,121284739767.43,-0.8602876663208008,1.0,25.0,3308.699951,5282.700195,18258.08984
85,2025-04-21,2781,2.0770009192,2.1390879433,2.0632604144,2.0855153781,2746051224.63,121780859629.24,-0.0608485910329925,30.0,25.0,3406.199951,5158.200195,17808.30078
84,2025-04-22,2781,2.0854969708,2.2378690527,2.0689034807,2.2154730743,4054022421.46,129369748912.33,0.2126909565583915,57.0,25.0,3400.800049,5287.759766,18276.41016
83,2025-04-23,2781,2.2154566842,2.2995392819,2.197325431,2.2173558817,5013426738.96,129480868263.74,-0.1230712329799478,30.0,25.0,3276.300049,5375.859863,18693.25977
82,2025-04-24,2781,2.2173596029,2.227351059,2.1233778888,2.2045442606,4208222194.6,128732281187.09,0.0,8.0,25.0,3332.0,5484.77002,19214.40039
81,2025-04-25,2781,2.2045400507,2.2168889027,2.1668884803,2.1830542735,3279550204.58,127478761463.39,0.003837531195304,36.0,25.0,3282.399902,5525.209961,19432.56055
80,2025-04-26,2781,2.183073528,2.2459084845,2.1823727347,2.1931888378,2524845629.41,128180605860.02,0.0010510338536391,24.0,25.0,3282.399902,5525.209961,19432.56055
79,2025-04-27,2781,2.1931932556,2.2909958654,2.1637949463,2.2562374472,3776527779.08,131865207140.33,0.0,4.0,26.0,3282.399902,5525.209961,19432.56055
78,2025-04-28,2781,2.2562374472,2.3521917329,2.2270898844,2.2951384594,4354002633.88,134137237948.14,0.0,4.0,26.0,3332.5,5528.75,19427.28906
77,2025-04-29,2781,2.2951123036,2.311782328,2.2238845265,2.2408010643,2889426360.63,130962501898.61,-0.0253089596063662,61.0,26.0,3318.800049,5560.830078,19544.94922
76,2025-04-30,2781,2.2407919979,2.2582819527,2.1297676233,2.1915565055,3691303521.26,128085849200.42,-0.0209182596206665,14.0,26.0,3305.0,5569.060059,19571.01953
75,2025-05-01,2781,2.191571952,2.2549796862,2.1911277017,2.2141617327,2221046439.24,129536649175.77,-0.0086031863183686,26.0,26.0,3210.0,5604.140137,19786.71094
74,2025-05-02,2781,2.2141675167,2.2388205672,2.1949220504,2.2098307886,2148434217.0,129282778950.82,0.0623363122726098,27.0,26.0,3231.899902,5686.669922,20102.60938
73,2025-05-03,2781,2.2098281177,2.2192182248,2.1809736121,2.1883673688,1427745526.63,128027032376.42,-0.0639304457089075,30.0,26.0,3231.899902,5686.669922,20102.60938
72,2025-05-04,2781,2.1883636651,2.2153866741,2.1541789746,2.1577948478,1606676573.71,126236907144.29,-0.1283104856536813,29.0,26.0,3231.899902,5686.669922,20102.60938
71,2025-05-05,2781,2.157765088,2.1935370542,2.1095799304,2.1356094513,2518838395.46,124936181548.58,-0.11106938987794,34.0,26.0,3311.300049,5650.379883,19967.93945
70,2025-05-06,2781,2.1355318098,2.157809694,2.0805419362,2.1554295773,2458675033.69,126095373172.82,-0.0932001895941649,45.0,26.0,3411.399902,5606.910156,19791.34961
69,2025-05-07,2781,2.1553458505,2.1697234692,2.1089199616,2.1261714313,3808556619.63,124388680022.07,-0.0028912514448165,24.0,26.0,3381.399902,5631.279785,19867.9707
68,2025-05-08,2781,2.1261733765,2.3246718691,2.1193132295,2.3231842849,4714441484.09,136022411505.86,-0.0374031011802097,69.0,26.0,3296.600098,5663.939941,20063.56055
67,2025-05-09,2781,2.3231657517,2.4253989177,2.2902524909,2.3446712152,5991870742.4,137279066897.69,0.0423506281484112,61.0,26.0,3335.399902,5659.910156,20061.44922
66,2025-05-10,2781,2.3446285293,2.4726724327,2.3401774378,2.4720299381,4373016277.56,144738477336.13,-0.0431711643934249,10.0,26.0,3335.399902,5659.910156,20061.44922
65,2025-05-11,2781,2.4720001847,2.4762539678,2.3339168245,2.3665254767,3965697852.97,138561963426.82,0.0,1.0,29.0,3335.399902,5659.910156,20061.44922
64,2025-05-12,2781,2.3665394868,2.6396772639,2.3588042361,2.5446382067,10613122883.78,148989427492.59,-0.079846962479984,21.0,29.0,3220.0,5844.189941,20868.15039
63,2025-05-13,2781,2.5446331342,2.600900118,2.4276264541,2.5865479277,6176519868.23,151444122320.67,0.0025439180252028,22.0,29.0,3240.300049,5886.549805,21197.69922
62,2025-05-14,2781,2.5865575707,2.6457354389,2.5241279971,2.5527034178,4955686643.07,149461626101.66,0.1569406413215242,61.0,29.0,3181.399902,5892.580078,21319.21094
61,2025-05-15,2781,2.5526979496,2.5709162716,2.3590010521,2.3803669723,5374268326.39,139541669226.19,0.6369438919283095,29.0,29.0,3220.699951,5916.930176,21335.82031
60,2025-05-16,2781,2.3803575033,2.4367065666,2.3506527229,2.3809844457,3792750564.74,139578421936.25,0.1589115738868713,5.0,29.0,3182.0,5958.379883,21427.93945
59,2025-05-17,2781,2.3809844457,2.3883125147,2.3032028588,2.3543643012,3022317383.35,138017891894.93,0.0,2.0,29.0,3182.0,5958.379883,21427.93945
58,2025-05-18,2781,2.3543643012,2.4429006779,2.3522818174,2.4341710459,2943528946.24,142655431745.35,-0.3406039653438152,11.0,26.0,3182.0,5958.379883,21427.93945
57,2025-05-19,2781,2.4334733074,2.4357940023,2.2868638298,2.3813793141,3735931350.92,139601569970.91,0.0169235203001234,12.0,26.0,3228.899902,5963.600098,21447.05078
56,2025-05-20,2781,2.3813793141,2.405660107,2.3174279249,2.3567553802,2990978074.51,138157157994.01,-0.1276170597053491,31.0,26.0,3280.300049,5940.459961,21367.36914
55,2025-05-21,2781,2.3567399579,2.4261127799,2.334874651,2.3989262035,3837944482.7,140783400670.34,0.0124456016522533,18.0,26.0,3309.300049,5844.609863,21080.35938
54,2025-05-22,2781,2.3989537453,2.4517177774,2.3923532462,2.42979529,3399409382.03,142594984105.07,0.0528810472614997,28.0,26.0,3292.300049,5842.009766,21112.4707
53,2025-05-23,2781,2.42979529,2.4765181288,2.2903331383,2.2943207914,4394718207.27,134652511619.43,-0.089128690958023,32.0,26.0,3363.600098,5802.819824,20915.66016
52,2025-05-24,2781,2.2944568532,2.3588057163,2.2924148391,2.3328698542,1496547562.12,136906817277.27,0.0036708994274794,51.0,26.0,3363.600098,5802.819824,20915.66016
51,2025-05-25,2781,2.3328698542,2.344193322,2.2705278504,2.3429750261,2117325121.48,137498409060.51,-0.0433470741475476,24.0,24.0,3363.600098,5802.819824,20915.66016
50,2025-05-26,2781,2.3429504818,2.358088468,2.2987526334,2.3106609885,1930678300.36,135602447157.96,0.478970319884164,10.0,24.0,3363.600098,5802.819824,20915.66016
49,2025-05-27,2781,2.3106436,2.3520432783,2.2724517473,2.3186721873,2373797283.2,136071784418.37,0.0031473203184636,18.0,24.0,3299.100098,5921.540039,21414.99023
48,2025-05-28,2781,2.3186410304,2.3214115199,2.2305306823,2.2742527354,2373668637.45,133467187561.3,0.2688598157995838,35.0,24.0,3293.600098,5888.549805,21318.16992
47,2025-05-29,2781,2.2742591244,2.3111256054,2.2440184285,2.2442464859,2465662897.97,131705865634.61,0.0224937359378126,16.0,24.0,3317.100098,5912.169922,21363.94922
46,2025-05-30,2781,2.2442333547,2.2506266083,2.1384529278,2.1386344491,3891788508.83,125670773077.92,0.0,4.0,24.0,3288.899902,5911.689941,21340.99023
45,2025-05-31,2781,2.1387229971,2.2038747837,2.0855254219,2.1750603498,2684904446.27,127808736098.29,-0.049135941458054,48.0,24.0,3288.899902,5911.689941,21340.99023
44,2025-06-01,2781,2.1751078347,2.1871604995,2.1289671089,2.1791835347,1763611232.67,128048228693.93,0.0,14.0,25.0,3288.899902,5911.689941,21340.99023
43,2025-06-02,2781,2.1791836298,2.2030581778,2.1388541206,2.1977551453,2150527408.45,129139485815.74,-0.0652257576584816,6.0,25.0,3370.600098,5935.939941,21491.75
42,2025-06-03,2781,2.1977551453,2.2807046751,2.1861346218,2.2468442663,2528637429.12,132023705873.85,0.0310546659308371,29.0,25.0,3350.199951,5970.370117,21662.58008
41,2025-06-04,2781,2.2468401283,2.2642590414,2.1981955622,2.2023099489,2010134792.02,129407745239.45,-0.0275918352995475,20.0,25.0,3373.5,5970.810059,21721.91992
40,2025-06-05,2781,2.2023205075,2.2252906356,2.0647316868,2.097633623,3283496874.94,123386964036.53,0.0,7.0,25.0,3350.699951,5939.299805,21547.42969
39,2025-06-06,2781,2.0976453168,2.1888461611,2.0886660333,2.1624064513,2160226660.9,127196342279.64,-0.5268811861173712,16.0,25.0,3322.699951,6000.359863,21761.78906
38,2025-06-07,2781,2.1624068179,2.191050085,2.151816734,2.1785463188,1225984727.64,128145694395.59,0.0275994260624618,43.0,25.0,3322.699951,6000.359863,21761.78906
37,2025-06-08,2781,2.1785448031,2.2942091409,2.169209399,2.2654948668,2668252038.21,133259788220.08,0.2702219684918721,11.0,25.0,3322.699951,6000.359863,21761.78906
36,2025-06-09,2781,2.2654886881,2.3278306082,2.2255003276,2.3203752908,2876210477.47,136483582135.74,-0.0286093163864774,19.0,25.0,3332.100098,6005.879883,21797.86914
35,2025-06-10,2781,2.3203738286,2.3248296845,2.2680077427,2.3052851101,2753743743.89,135597909689.54,-0.2718124674277359,10.0,25.0,3320.899902,6038.810059,21941.91992
34,2025-06-11,2781,2.3053164046,2.3354946788,2.2572199593,2.2708730565,3016488242.3,133571963920.9,0.614824651547198,19.0,25.0,3321.300049,6022.240234,21860.80078
33,2025-06-12,2781,2.2708730565,2.2712198129,2.1762383987,2.1947688718,2658926569.68,129093368287.32,0.0228223717765302,40.0,25.0,3380.899902,6045.259766,21913.32031
32,2025-06-13,2781,2.1947319123,2.1947392324,2.0890587071,2.149029809,4448865757.78,126538937763.23,-0.076655250797092,44.0,25.0,3431.199951,5976.970215,21631.03906
31,2025-06-14,2781,2.1490344211,2.1783882234,2.1139412508,2.1414056379,2001104712.62,126089436358.05,0.0,5.0,25.0,3431.199951,5976.970215,21631.03906
30,2025-06-15,2781,2.1414004548,2.174967893,2.1402328742,2.1671772907,1527791411.64,127607221928.6,-0.0174962339709647,22.0,27.0,3431.199951,5976.970215,21631.03906
29,2025-06-16,2781,2.1671772907,2.3356787282,2.1541461001,2.2417722881,4685110425.52,131994788228.05,0.0,1.0,27.0,3396.399902,6033.109863,21937.57031
28,2025-06-17,2781,2.2416921489,2.2549794286,2.1460601934,2.1607135552,3965189618.56,127226290376.74,-0.084665194490916,27.0,27.0,3386.600098,5982.720215,21719.08008
27,2025-06-18,2781,2.160707859,2.1802636387,2.1209646431,2.1696645964,2800813548.63,127878105493.63,0.0147828669383608,34.0,27.0,3389.800049,5980.870117,21719.68945
26,2025-06-19,2781,2.1696815301,2.1820757744,2.1464015885,2.1659375448,1758762457.72,127657633401.38,-0.4118460838240806,17.0,27.0,3389.800049,5980.870117,21719.68945
25,2025-06-20,2781,2.1659408255,2.1784219094,2.0892825925,2.120346886,2626675895.9,124970251711.49,-0.1323461318627382,26.0,27.0,3368.100098,5967.839844,21626.39063
24,2025-06-21,2781,2.1203445727,2.1439802506,2.026770951,2.0575582661,2455229797.02,121280987389.67,0.0,13.0,27.0,3368.100098,5967.839844,21626.39063
23,2025-06-22,2781,2.0577495833,2.0883618477,1.9131479032,2.0140278042,5108058031.63,118708582577.12,-0.179838084714589,45.0,27.0,3368.100098,5967.839844,21626.39063
22,2025-06-23,2781,2.0141041196,2.1685560089,1.967336468,2.1663085144,4568812690.67,127679304490.19,0.0,1.0,27.0,3377.699951,6025.169922,21856.33008
21,2025-06-24,2781,2.1663085144,2.2160276129,2.1343366099,2.1908162514,3574001223.83,129123456714.59,0.0069668179014289,21.0,27.0,3317.399902,6092.180176,22190.51953
20,2025-06-25,2781,2.1908111483,2.2256378754,2.1726627604,2.1858717516,2632853073.58,128977916899.98,0.0,2.0,27.0,3327.100098,6092.160156,22237.74023
19,2025-06-26,2781,2.1858608907,2.2118205816,2.1003409511,2.1058551718,3042625706.48,124257085993.26,0.0,3.0,27.0,3333.5,6141.02002,22447.28906
18,2025-06-27,2781,2.1058543291,2.1504563565,2.0720657609,2.1426189787,3072597386.84,126426861797.88,-0.0131204804346333,39.0,27.0,3273.699951,6173.069824,22534.19922
17,2025-06-28,2781,2.1426267332,2.2066616484,2.1364735129,2.1860441181,2047303024.97,128988479009.64,-0.0130049010802959,46.0,27.0,3273.699951,6173.069824,22534.19922
16,2025-06-29,2781,2.1860398927,2.2182368011,2.1789139879,2.2070729799,1525772807.62,130229431179.61,-0.0036186533123922,31.0,27.0,3273.699951,6173.069824,22534.19922
15,2025-06-30,2781,2.2070710031,2.3205645741,2.1717327728,2.2387500819,3788425438.28,132096294648.1,0.0,30.0,27.0,3294.399902,6204.950195,22679.00977
14,2025-07-01,2781,2.2387097824,2.2523212975,2.1514197081,2.1721949084,3188065836.42,128170649786.91,-0.0687528850595935,51.0,27.0,3336.699951,6198.009766,22478.13086
13,2025-07-02,2781,2.1721796835,2.2791694367,2.1626443356,2.233768952,3852349881.37,131945660262.11,0.0293093217406303,48.0,27.0,3348.0,6227.419922,22641.89063
12,2025-07-03,2781,2.2337854757,2.3084436374,2.229186539,2.2576579712,3715918883.62,133354300268.14,-0.1164685501449409,29.0,27.0,3331.600098,6279.350098,22866.9707
11,2025-07-04,2781,2.2576331686,2.2671817748,2.2005138656,2.2211386495,2085461653.45,131198677048.08,0.0901471972465515,11.0,27.0,3332.5,6279.350098,22866.9707
10,2025-07-05,2781,2.2211393587,2.233455556,2.2036286071,2.2185215409,1176056923.05,131044171696.9,-0.1324305205295483,24.0,27.0,3332.5,6279.350098,22866.9707
9,2025-07-06,2781,2.218523647,2.2868767573,2.2115423028,2.2725408419,2494482032.19,134235050123.29,0.0040362939231064,38.0,33.0,3332.5,6279.350098,22866.9707
8,2025-07-07,2781,2.2725438995,2.3485226048,2.2579669817,2.2740782383,4447363877.26,134325544186.24,-0.327123578082132,25.0,33.0,3332.199951,6229.97998,22685.57031
7,2025-07-08,2781,2.2740759265,2.3197077463,2.2500700712,2.3112337183,3096977786.69,136520387606.95,-0.0850509206453959,20.0,33.0,3307.0,6225.52002,22702.25
6,2025-07-09,2781,2.3112337182,2.4232493906,2.2990658676,2.4056362045,5095934678.89,142096571410.75,0.2984257946817583,54.0,33.0,3311.600098,6263.259766,22864.91016
5,2025-07-10,2781,2.4056362045,2.5580556443,2.3972945588,2.5466827954,6049788224.92,150424885302.6,-0.1879189901664608,48.0,33.0,3317.399902,6280.459961,22829.25977
4,2025-07-11,2781,2.5466311154,2.9642700708,2.5175474201,2.7348638215,15789098842.82,161716132888.19,-0.2561502575952807,49.0,33.0,3356.0,6259.75,22780.59961
3,2025-07-12,2781,2.7348501228,2.8412537025,2.6699100994,2.737635692,8647115362.32,161880848121.03,0.0241631598652157,37.0,33.0,3356.0,6259.75,22780.59961
2,2025-07-13,2781,2.737635692,2.8785003391,2.7268965062,2.8359410298,7159804375.13,167692753827.96,-0.0754978735445525,93.0,63.0,3356.0,6259.75,22780.59961
1,2025-07-14,2781,2.8359232948,3.02179172,2.8271822527,2.9549770079,12393161327.29,174727083425.54,0.5318164130051931,3.0,63.0,3351.5,6268.560059,22855.63086
0,2025-07-15,2781,2.9548838266,2.9574734877,2.8085020669,2.9189517238,8879749638.27,172602125935.74,-0.0340894405723463,46.0,63.0,3329.800049,6243.759766,22884.58984
